DESCRIPTION, Price 
COLOSTOMY WAFFER 5X5 23/4,16.8
.UA DIPSTICK W/MICRO,21
.URINALYSIS W/O MICRO,30
1/2 NORM SALINE 20MEQ KCL 1000ML,30
1/2 NS WITH KCL 20MEQ 1000ML,54
100MM AIRWAY,3
10FR CATHETER,3
12F NAS AIRWAY,18
12FR COATED CATH,29
12FR RED RUBBER CATHETER,3
14 FR 5CC BALLOON,31
14 GA AUTOGAURD,12
14F SUMP TUBE,35
14FR CATH,5
14FR COUDE CATH,126
14FR URETHRAL CATHETER,6
16 F CATH DOVER,13
16 FR FOLEY CATH,22
16 GA AUTOGAURD,7
16F COUDE CATH,81
16FR CATHETER,6
16FR COUDE CATH,66
16FR RED RUBBER CATH,6
18 FR 5CC BALLON CATH,31
18 FR STERILE CATH,48
18 GA  AUTOGAURD,7
18F CATH,81
18FR URETHRAL CATH,6
18G X1 SAFETY PREVENT NEEDLE,1
18GX1 SAFETY NEEDLE,1.2
18GX1.5 NEEDLE,1.2
2 INCH elastic bandage,8
2 INCH STRETCH BANDAGE,1
20 GA AUTOGAURD/ANGIO,7
20FR RETENTION CATH,10
20GX 1 SAFETY NEEDLE,1
20GX1 NEEDLE,1.2
21GX1 1/2 NEEDLE,1.5
21GX1 NEEDLE,1
22 GA AUTOGAURD/ANGIO,7
22F CATH,24
22FR FOLEY CATHETER,10
22G X 1 SAFETY NEEDLE,1
22G X1 1/2 NEEDLE,1
22GX1 1/2 NEEDLE BLACK BOX,1
22GX1 NEEDLE,1
23G x .75 BUTTERFLY XRAY,6
23G X 1 NEEDLE,1
23GX 1 3ML SAFETY NEEDLE,1
23GX1 SAFE PREVENT NEEDLE,1
23GX1 SAFETY NEEDLE,1
23GX1 SAFETY NEEDLE,1.2
23X1 LEUR LOCK NEEDLE,1.2
24 GA AUTOGAURD,7
25G X1 1/2 NEEDLE,1
25GX 1.5 SAFE PREVENT NEEDLE,1
25GX 5/8 SAFE PREVENT NEEDLE,1
25GX1 SAFE PREVENT NEEDLE,2
"25GX1.5 HYPODERMIC, NEEDLE (DENTAL)",1.2
25-HYDROXYVITAMIN D2 & D3,226.8
25X1 3ML SAFETY NEEDLE,1
27G X 1/2 luerlock NEEDLE,1
27G X 1/2 NEEDLE,1
27G X 5/8 NEEDLE,2
35ML SYRINGE,3
3ML 22GX1 SYRINGE,1
3ML 22GX1 SYRINGE SAFETY,1
3X3 KERLIX LIKE,3
4 IN STRETCH BANDAGE,6
4X4,18
4X4 KERLIX LIKE,2
5 HIAA QUANT 24 HR URINE/RANDOM,172.8
5% DEXTROSE/NORMAL SALINE 1000CC,60.48
5ML luer lock SYRINGE W/O needle,1
6IN ELASTIC BANDAGE,6
6X6 KERLIX LIKE,3
99201- OV New Low,144
99201- OV New Problem Focused,60
99202- OV New Expand Foc. Prob. Visit,93
99202-OV New Expanded Foc.Prob. Visit,247.2
99203- OV New Detailed Visit,358.8
99203- OV New Detailed Visit,128
99204- OV New Comprehensive Visit,550.8
99204- OV New Comprehensive Visit,189
99211- OV Est. Nurse Only Visit,66
99211-- OV Est. Nurse Only Visit,41
99212- OV Est. Problem Foc. Visit,60
99213- OV Est. Expanded Prob Foc.,90
99213- OV Est. Expanded Prob. Focused,242.4
99214- OV Detailed Visit,127
99214- OV Est. Detailed Visit,356.4
99215- ESTABLISHED PATIENT VISIT LEVEL 5,478.8
99215- OV Est. Comprehensive,167
99307- PF SB SUBSEQUENT LEVEL I,96
99308- PF SB SUBSEQUENT LEVEL II,102
99318- ECF H&P,265
99335- DOMICIL/R-HOME VISIT EST PAT,80
99381- WELL CHILD NEW PATIENT YGR 1 YR,125
99382- PREV/WELLNESS INITIAL  1-4YR,125
"99384- PREV VISIT, NEW, AGE  12-17",85
"99385- PREV VISIT, NEW, AGE 18-39",145
"99386- PREV VISIT, NEW, AGE 40-64",145
99391-INFANT (LESS THAN 1) PERIODIC COMP,110
99392- 1-4 YR PERIODIC COMP PREV MED,85
99393- 5-11 WELLNESS CHILD EXAM,85
99394- 12-17YR PERIODIC COMP PREV MED,85
99395- 18-39YR PERIODIC COMP PREV MED,105
99396- 40-64YR EST. PREVENTATIVE,105
99495- Transitional Care MGMT 14 days,215
99496- Transitional Care MGMT 7 days,295
AAP ANTIPHOSPHOLIPID ANTIBODY,443
ABDOMINAL BINDER 30-45,43.2
ABDOMINAL BINDER 46-62,52.8
ABDOMINAL BINDER 72-84,79.2
ABG,76.8
ABG KIT RESP,7.2
ABG PUNCTURE,60
ABILIFY MAINTENA 400MG PREFILLED SYRINGE,"4,369.64"
ABRASION/2-4 ADDITIONAL LESION,62
ACCUCATH 20G,141.15
ACCUCHECK BLOOD GLUCOSE,7.2
ACETAMIN/COD (TYL #3) 30/300MG TAB,6
ACETAMINOPHEN,67.2
ACETAMINOPHEN (APAP) 160MG/5ML ELIX,6
ACETAMINOPHEN (MAPAP) 325MG TAB,6
ACETAMINOPHEN (MAPAP) 500MG CAPLET,6
ACETAMINOPHEN (TYLENOL) 120MG SUPP,6
ACETAMINOPHEN (TYLENOL) 650MG SUPP,6
ACETAMINOPHEN ER (TYLENOL ER) 650MG,6
ACETAMINOPHEN/COD 120MG/12MG 5ML,6
ACETONE SERUM,36
ACETONE SERUM (DR DOBBS),15
ACETYLCHOLINE RECEPTOR BINDING AB,270
ACETYLCHOLINE RECEPTOR MODULATING AB,160
ACETYLCYSTEINE 200MG/ML INH SOLN,27.36
ACIDOPHILUS CHEW TAB,6
ACTIVATED CHARCOAL 50GM/240ML SUSP,21
ACTIVATED PROTEIN C RESISTINE,367.2
ACTIVE WOUND MGMT,87.6
ACUTE HEPATITIS PANEL,341.04
ACYCLOVIR 800MG TAB,6
ADAPT PASTE,50
ADAPTIC 3X3,2
ADD A FOLEY TRAY,43
ADD A FOLEY TRAY,12
ADD ON BURRETTE,41
ADDERALL 15MG TAB,5
ADENOSINE (ADENOCARD) 12MG/4ML SYRINGE,30
ADENOSINE 3MG/ML VIAL,30
ADH,314.4
ADHESIVE ISLAND WOUND DRESSING,11
ADMIN INFLUENZA-MEDICARE,45
ADMIN PNA VACC MEDICARE,35
ADMIT KITS,12
ADRENOCORTICOTROPIC HORMONE,168
ADULT AEROSOL MASK,4
ADULT AEROSOL MASK,9
ADULT NONREBREATHING MASK,9
ADULT NONREBREATHING MASK,9
ADULT OXYGEN MASK,6
ADULT OXYGEN MASK,4
ADULT sPo2 SENSOR,90
ADVAIR DISKUS 250-50MCG HFA-14 DOSE,351.18
ADVAIR DISKUS 500-50MCG HFA-14 DOSE,589.54
AEL 9 PANEL - SEND OUT,72
AEROSOL MASK PEDIATRIC,2.4
AERSOL CANOPY,51
AFB CULTURE & STAIN,61.2
AFTER HOURS VISIT,25
AIR ENTRAINMENT MASK,12
AIRWAY 40MM,3
AIRWAY 60MM,4
AIRWAY 80 MM,4
AIRWAY 90MM,4
AIRWAY NAS CH16,70
ALBUMIN SERUM,50.4
ALBUTEROL SULFATE 2.5MG/ML INH SOL,6
ALBUTEROL SULFATE 90MCG HFA,55.8
ALBUTEROL/IPRATROPIUM (DUONEB) 3 ML NEB,8.4
ALCOHOL URINE,111.6
ALDACTONE (SPIRONOLACTONE),801
ALDOLASE,60
ALDOSTERONE,212.4
ALENDRONATE SODIUM 70MG TAB,6
ALERE FLU A&B,210
ALFUZOSIN 10MG TAB,5
ALK PHOS ISOENZYMES (SENDOUT),208.8
ALKALINE PHOS,60
ALLERGEN IG E QUALITATIVE,40
ALLERGY PROFILE,700
ALLOPURINOL (ZYLOPRIM) 300MG TAB,6
ALLOPURINOL 100MG TAB,6
ALPHA 1 ANTITRYPSIN,219.6
ALPHA 2 MACROGLOBIN,219.6
ALPHA GLOBIN GENE ANALYSIS,600
ALPHA-FETOPROTEIN TUMOR MARKER,60
ALPRAZOLAM (XANAX) 0.5MG TAB,6
ALPRAZOLAM 0.25MG TAB,6
ALT/SGPT,42
ALTEPLASE (ACTIVASE) 100MG VIAL,"23,131.48"
AMBU BAG ADULT,45
AMBU BAG INFANT,45
AMBU BAG PEDI,45
AMBU CO2 DETECTOR,51
AMIKACIN,72
AMIKACIN PEAK,204
AMIKACIN TROUGH,204
AMINO ACID PROF URINE,786
AMINO ACIDS 6 OR MORE QUANTITATIVE EACH,786
AMIODARONE (CORDARONE) 150MG/3ML VIAL,30
AMIODARONE (CORDARONE) 200MG TAB,6
AMIODARONE CODARONE,113
AMITIZA 24MCG CAP,17.5
AMITRIPTYLINE,70
AMITRIPTYLINE HCL 25MG TAB,6
AMITRIPTYLINE HCL 50MG TAB,6
AMLODIPINE BESYLATE 10MG TAB,6
AMLODIPINE BESYLATE 5MG TAB,6
AMLODIPINE-BENAZEPRIL (LOTREL) 10MG/40MG,6.8
AMLODIPINE-BENAZEPRIL (LOTREL) 5MG/20MG,6.66
AMMONIA,53
AMMONIA INH SOLN,6
AMOXICILLIN 250MG/5ML SUSP,5
AMOXICILLIN 500MG CAP,6
AMOXICILLIN 500MG TAB,5
AMOXICILLIN ORAL SUSP 400MG/5ML,6
AMOXICILLIN/CLAVULANATE 875MG,6
AMPH AND METH CONFIRM,300
"AMPHETAMINE (ADDERALL), URINE",70
AMPICILLIN - SULBACTAM 3MG INJ (VIAL),30
AMPICILLIN 1GM INJ VIAL,25
AMYLASE,37.8
ANASTROZOLE (ARIMIDEX) 1MG TABS,5
ANCA  (ANTINEUTROPHIL CYTOPLASMIC AB),252
ANGIOTENSIN CONVERTING ENZYME,60
ANNUAL NURSING VISIT,110
ANOSCOPY,50
ANOSCOPY REMOVAL/FOREIGN,110
ANTI INZO FUNGALCREAM,32
ANTI KIDNEY/LIVER MICROSOMAL ANTIBODY,126
ANTIB HIV-2,248.4
ANTIB MUMPS,46
ANTIB RUBELLA,87
ANTIB RUBEOLA,41
ANTIBODY EPSTEIN-BARR (EB) VIRUS EARLY,720
ANTI-DNA BY CRITHIDIA,110
ANTI-GLIADIN ANTIBODIES,280.8
ANTI-MITOCHONDRIAL AB,210
ANTINUCLEAR ANTIB,81.48
ANTINUCLEAR ANTIB TITER,60
ANTIPHOSPHOLIPID ANTIBODY,531.6
ANTI-SMOOTH MUSCLE ANTIBODY,90
ANTISTREPTOLYSIN 0 TITER,42
ANTITHROMBIN ACTIVITY,108
APOLIPOPROTEIN ASSESSMENT APOA1,62
APOLIPROTEIN ASSESSMENT APOB,62
APPL OF MULTILAYER VENOUS WND COMP LT,204
APPL OF MULTILAYER VENOUS WND COMP RT,204
APPL OF SKIN SUB GRAFT TO LEGS 100 CM,906
APPL OF SKIN SUBS GRAFT TO FEET 100CM,992.4
APPL OF SKIN SUBS GRAFT TO FEET 25 CM,508.8
APPL OF SKIN SUBSTITUTE GRAFT TO LEGS 25,448.8
APPLIC /SPLINT TOES,37
APPLIC SPLINT/ANKLE,41
APPLIC SPLINT/TAPE,55
APPLIC/SHORT LEG CAST,78
APPLIC/SPLINT HAND OR FINGER,30
APPLICATION LONG LEG SPLINT,162
APPLICATION LOWER LEG SPLINT,138
APPLICATION OF FINGER SPLINT,144
APPLICATION OF UNNA BOOT LT,176.4
APPLICATION OF UNNA BOOT RT,176.4
APPLY FOREARM SPLINT,654
APPLY LONG ARM SPLINT,138
AQUA PACK WITH NEB ADAPTER,13.2
AQUACEL  DRESSING 4X4,14
AQUA-PHOR OINT,29.3
ARIMIDEX 1MG TAB,6
ARIPIPRAZOLE (ABILIFY) 10MG TAB,56.55
ARIPIPRAZOLE (ABILIFY) 5MG TAB,33.44
ARM SLING INFANT,31
ARM SLING L,15
ARM SLING M,12
ARM SLING S,10
ARM SLING XL,25
ARMBOARD ADULT 3 X 17.5,4.8
ARMBOARD ADULT WRIST 3 X 9,3
ARMBOARD INFANT 1X4,3
ARMBOARD INFANT 2 X 4,3
ARMSLING INFANT UNIV,17
ARMSLING UNIV,14.4
ARSENIC,175
ARTIFICIAL TEARS 1.4% OPTH SOL,6
ASACOL HD 800MG TAB,21.6
ASCORBIC ACID (VITA C) 500MG TAB,6
ASCORBIC ACID BLD,60
ASO,42
ASPERCREME 10% 85GM [OTC],17.94
ASPIRA/INJECT SMALL JOINT OR BURSA,45
ASPIRATION 2ND BREAST CYST,35
ASPIRATION BREAST CTST(1),60
ASPIRIN 325MG EC TAB,6
ASPIRIN 325MG TABS,6
ASPIRIN 81MG CHEW TAB,6
ASPIRIN 81MG EC TAB,6
ASPIRIN AND DIPYRIDAMOLE 25/200MG ER CAP,16.56
ASPIRIN/APAP/CAFFEINE (EXCEDRIN MIGRAINE,6
ASSAY OF GAMMAGLOBULIN IGE,195
AST/SGOT,37.8
ATENOLOL 25MG TAB,6
ATENOLOL 50MG TAB,6
ATORVASTATIN (LIPITOR) 40MG TAB,6
ATORVASTATIN CALCIUM 20MG TAB,6
ATROPINE 0.1MG/ML 10 ML SYRN,30
AUGMENTIN 400-57MG/5ML SUSP,6
AUGMENTIN 500-125MG TAB,6
AUGMENTIN 600MG/5ML,33.77
AURORA FAB REINF RAGLSN XLGOWNS DENTAL,19.2
AVODART 0.5MG GELCAP,5
AVULS ADDITIONAL NAILPLATE,40
AVULSION NAIL PLATE/PARTI/SIMPLE,220
AZANTHRIOPINE (IMURAN) 50MG TAB,5
AZATHIOPRINE 50MG TAB,5
AZITHROMYCIN 500MG ADDV VIAL,27.3
AZITHROMYCIN-(ZITHROMAX) 500MG VIAL,30
AZITHROMYCIN-100MG/5ML ORAL SUSP,59.36
AZITHROMYCIN-200MG/5ML SUSP,6.72
AZITHROMYCIN-250MG TAB,6
B1 VITAMIN 100MG TAB,6
BABESIOSIS ANTIBODIES,310.8
BACITRACIN OINTMENT,6.37
BACLOFEN 10MG TAB,6
BACTERIAL FILTER,2
BANDAIDS,1
BASIC METABOLIC PANEL,105.6
BB ANTIBODY SCREEN,115.2
BB BLD TYPING ABO,57.6
BB CROSSMATCH EACH UNIT,144
BB FFP/THAWING EA UNIT,84
BB MBS ADSORPTION FOR ANTIBODY ID,270
BB MBS ANTIBODY ID,270
BB MBS ANTIBODY TITER,360
BB MBS ANTIGEN TYPING,180
BB MBS CROSSMATCH INTERPRETATION CHARGE,180
BB MBS DAT,90
BB MBS ELUTION FOR ANTIBODY,225
BB MBS ELUTION FOR ANTIBODY ID,270
BB MBS PATIENT PHENOTYPE,360
BB ONE DONOR FFP,193.2
BB PACKED RBCS LEUKO REDUCED EACH UNIT,792
BB PLASMA,231.6
BB PLATELETS EA UNIT,"1,803"
BB POOLING PLATELETS/OTH BLD PRODUCT,50
BB RH TYPE,57.6
BB TRANSFUSION EACH UNIT,670.8
BB TRANSFUSION REACTION,180
B-COMPLEX VITAMIN,6
BED PAN -FRACTURE,21.6
BED PANS PONTOON,21
BEN GAY CREAM 2 OZ,18
BENADRYL CREAM,6
BENAZEPRIL 20MG TAB,6
BENAZEPRIL HCL 20MG TAB,5
BENECALORIE,5
BENEPROTEIN PROTEIN POWDER,6
BENICAR 40MG TABS,16.44
BENZODIAZEPINE GC/MS CONFIRMATION,300
BENZOIN TINCTURE,8.42
BENZONATATE 100MG CAP,6
BENZTROPINE MESYLATE 1MG TAB,6
BERMAN INFANT AIRWAY 50MM,1
BERMAN INFANT AIRWAY 70MM,1
"BETA 2 GLYCOPROTEIN 1 IGM,G,A",216
BETA 2 MICROGLOBULIN,172.8
BETHANECHOL 10MG TAB,5
BF CELL COUNT,68.4
BHCG QUANTITATIVE,32.4
BI PAP HEADGEAR,195
BI PAP MASK,129.6
BIAXIN (CLARITHROMYCIN) 500MG TAB,6
BIAXIN 500MG TAB,6
BIDIL 20/37.5MG TAB,10
BILIRUBIN DIRECT,29.4
BILIRUBIN TOT,36
BIOFREEZE GEL 4OZ,44.4
BIOPATCH,38
BIOPSY BONE TROCAR,108
BIOPSY BREAST/NEEDLE CORE,98
BIOPSY OF SKIN LESION,113
BIOPSY OF SKIN SUBCU,45
"BIOPSY SKIN, SUBCUTANEOUS",344.4
"BIOTIN 5MG (5,000MCG)",6
BIPAP CIRCUIT,51
BIPAP INITIAL DAY,300
BIPAP MASK,115
BIPAP SUBSEQUENT,150
BISACODYL 10MG SUPP,6
BISACODYL 5MG TAB,6
BK POLYOMA VIRUS PCR,395
BK POLYOMA VIRUS PCR,968
BK POLYOMA VIRUS PCR URINE,900
"BK POLYOMA VIRUS PCR, URINE",395
BLOOD COLLECTION TUBING,7
BLOOD OCCULT BY PEROXIDASE ACTIVITY Q,20
BLOOD WARMING FLUID SET,60
BNP,150
"BNP,CHF",150
BOARDERED GAUZE 4X14,8
BOARDERED GAUZE 6X6,5
BODY FLUID CRYSTALS,96
BONE MARROW NEEDLE,105
BONE MARROW NEEDLE LONG,105
BOOSTRIX (TDaP) 0.5ML,140.4
BORDER GAUZE 4X4,4
BORDER GAUZE 4X5,4
BORDERED GAUZE 2X2,4.8
BORDERED GAUZE 4X14,7
BORDERED GAUZE 4X4 op,2
BORDERED GAUZE 6X6,5
BOUGIE,19
BREO ELLIPTA INHALATION 100MCG/25MCG,"1,032"
BROVANA 15MCG/2ML INHALATION,28.8
BRUCELLA ANTIBODY,90
BUBBLE HUMIDIFIER,9
BUDESONIDE 0.25MG/2ML INHALATION,21.6
BUDESONIDE 0.5MG/2ML INH SOLN,38.4
BULB SYRINGE,5
BUMETANIDE 1MG TAB,6
BUMETANIDE 1MG/4ML INJECTION,30
BUN,64.8
BUPROPION 150MG XL (24HR) TAB,6
BURN DRESSING/LARGE,125
BURN DRESSING/MEDIUM,110
BURN DRESSING/SMALL,50
BUSPIRONE HCL 10MG TAB,6
CA 125,84
CA 19-9,76.8
CA 27.29,334.8
CA153,139.2
CALCIUM 500 +D TAB,6
CALCIUM 600MG TAB,6
CALCIUM ACETATE 667 MG CAPS,5
CALCIUM CARBONATE 750MG TAB(S),6
CALCIUM CL 100MG/ML 10 ML SYRN,30
CALCIUM GLUC 100MG/ML 10 ML SDV,30
CALCIUM TOT,54
CALCIUM URIN QUAN TIMED SPECMN,30
"CALCIUM, URINE RANDOM",30
CALDOLOR 800MG/8ML INJ,44.4
"CALPROTECTIN,FECAL",250
CALTRATE +D 600/400 MG TAB,6
CANNABINOID,140.4
CANNULA,5.88
CARAFATE 1GM/10ML SUSP,11.55
CARAFE INSULATED,6
CARBAMAZEPINE 200MG TAB,7.2
CARBAMAZEPINE TOT,144
CARBAMIDE PEROXIDE 6.5% DROP,6
CARBIDOPA/LEVODOPA 10-100MG TAB,6
CARBIDOPA/LEVODOPA 25-100MG TAB,6
CARBIDOPA/LEVODOPA ER 25-100MG TAB,6
CARBON DIOXIDE,30
CARBON MONOXIDE QUAN,63.6
CARDENE 20MG IN 200ML NS IVPB,275
CARDIOLIPIN ANTIBODY IgG,169.2
CARDIOLIPIN ANTIBODY IgM,169.2
CARDIOVERSION,250
CARDIZEM 300MG ER CAPSULE,5
CARVEDILOL (COREG) 12.5MG TAB,6
CARVEDILOL (COREG) 25MG TAB,6
CARVEDILOL (COREG) 3.125MG TAB,6
CARVEDILOL (COREG) 6.25MG TAB,6
CAST BOOT CANVAS ROCKER,31.2
CAST/BELOW KNEE-TOES,85
CAST/ELBOW - FINGER,70
CAST/HAND & FOREARM LOWER,100
CAST/SHOULDER - HAND,140
CAST/THIGH TO TOES,85
CATECHOLAMINES BLD,132
CATECHOLAMINES TOT URIN,330
CATH HOLDER,23
CATH PLUG,6
CATH W/PORT 16 FR,31.61
CATHETER STABILIZATION DEVICE,43
CBC,20
CBC AUTO DIFF,75.6
CBC NO DIFF,75.6
C-COLLAR PATRIOT  ADULT,15.6
CCP 1GG ABS,60
CD4,352.8
C-DIFF (87324),30
C-DIFF ID FOR TOXIN B GENE (87493),350
CEA (CARCINOEMBRYONIC ANTIG),96
CEFAZOLIN SODIUM (ANCEF) 1GM ADDV,25
CEFAZOLIN SODIUM (ANCEF) 1GM VIAL,30
CEFDINIR 300MG CAP,5
CEFEPIME 2GM INJ VIAL,30
CEFEPIME HCL (MAXIPIME) 1GM VIAL,30
CEFTAZIDIME 1GM INJ,30
CEFTRIAXONE SODIUM 1GM ADDV VIAL,25
CEFTRIAXONE VIAL 1 GM,30
CEFTRIAXONE VIAL 250MG,30
CEFTRIAXONE VIAL 500MG,30
CEFUROXIME AXETIL 500MG TAB,6
CEFZIL 500MG TAB,6
CELEBREX 100MG CAPSULE,11.54
CELEXA 10MG TAB,6
CENTRAL LINE DRESSING TRY,7
CENTRAL VENOUS CATH,"1,128"
CENTRUM SILVER GENERIC TABS,6
CEPACHOL MOUTHWASH,5
CEPHALEXIN 250MG/5ML SUSP,6
CEPHALEXIN 500MG CAP,6
CEREBYX 100MG/2ML VIAL,52
CERULOPLASMIN,138
CERVICAL COLLAR ADULT,39
CERVICAL COLLAR ADULT ADJ,63
CERVICAL COLLAR SHORT,28.8
CETACAINE TOPICAL SPRAY,162.25
CETIRIZINE 1MG/1ML SYRUP,6
CETIRIZINE HCL 10MG TAB,6
CHANGE OF GASTROSTOMY TUBE,460
CHANTIX 1MG TAB,21.5
CHAP STICK,6
CHARCOAL/SORBITOL 50GM/240ML SUSP,29.88
CHEMICAL CAUTERIZATION OF GRANULATION TI,264
CHEST DRAINAGE KIT,395
CHEST TUBE INSERTION,379
CHLAMYDIA PNEUMONIAE,219.6
CHLAMYDIA PNEUMONIAE IGG/IGM,162
CHLORAMPHENICOL,201
CHLORAPREP APPLICATOR,8
CHLORASEPTIC THROAT LOZENGES,5
CHLORHEXIDINE GLUCONATE (HIBICLENS),8.4
CHLORHEXIDINE GLUCONATE 0.12% (PERIDEX),12
CHLORHEXIDINE WIPES,6
CHLORIDE,30
CHLORIDE ARINE,36
CHLORPHENIRAMINE MALEATE 4MG TAB,6
CHLORPROMAZINE 10MG TAB,5.95
CHLORTHALIDONE (HYGROTON) 25MG TAB,6
CHLORZOXAZONE 500MG TAB,5
CHLYAMYDIA CULTURE(E -SWAB),75
CHOLECALCIFEROL (VITAMIN D) 400 UNITS,6
CHOLESTEROL SERUM,45.6
CHOLESTEROL WHOLE BLOOD,30
CHOLESTYRAMINE/SUCROSE 4GM PWDR,6.84
CHOLINESTERASE SERUM,50.4
CHRISTMAS TREE ADAPTER,3
CHROMIUM PICOLINATE 200MCG,5
CHROMIUM PICOLINATE 800MCG CAP,5
"CHROMIUM, BLOOD TEST",315
CILOSTAZOL (PLETAL) 100MG TAB,6
CIMETIDINE (TAGAMET) 200MG TAB,6
CIPROFLOXACIN (CIPRO) 500MG TAB,6
CIPROFLOXACIN 200MG INJ IN 5% DEXTROSE,30
CIPROFLOXACIN/D5W 400MG/200ML SOLN,30
CIRCUIT VENT HOSE,34
CITALOPRAM HYDROBROMIDE 20MG TAB,6
CKMB,93.6
CL- ALCOHOL SCREEN,50
CL-ACK. CL. FLU ADMIN.-MEDICARE,45
CL-ALBUTEROL SULFATE 0.83MG/ML INH SOL,5
CL-ALBUTEROL/IPRATROPIUM (DUONEB) 3 ML,5
CL-ALERE FLU A&B,210
CL-ALKALINE PHOS,60
CL-ALLERGY VACCINE,7
CL-ALLERGY VACCINE/2 OR MORE INJ,27
CL-ALT,22
CL-BASIC METABOLIC PANEL,129.6
CL-BICILLIN LA 1200000UNITS/2ML SYRINGE,295.05
CL-BILIRUBIN TOT,36
CL-BOOSTRIX (TDaP) 0.5ML,115.09
CL-BUN,22
CL-CALCIUM TOT,54
CL-CBC,63
CL-CEFTRIAXONE SODIUM 250MG VIAL,25
CL-CEFTRIAXONE SODIUM 500MG VIAL,25
CL-CEFTRIAXONE SODIUM ROCEPHIN 1GM VIAL,100
CL-CMP,129.6
CL-C-PEPTIDE,84
CL-CREATININE BLOOD,37.8
CL-CULTURE STREP A (THROAT) in house,98
CL-CYANOCOBALAMIN 1000MCG/ML SDV,25
CL-DEXAMETHASONE (DECADRON) 4MG/ML VIAL,25
CL-DIPHENHYDRAMINE (BENADRYL)50MG/ML SDV,25
CL-DIPHENHYDRAMINE HCL 25MG CAP,5
CL-DIPHENYDRAMINE 12.5MG/5ML ORAL SOLN,5
"CL-DIPHTH, TETANUS, PERTUS (DAPTACEL)",81.53
"CL-DPT, POLIO (KINRIX) 0.5ML INJ",147.11
CL-DRUG SCREEN,50
"CL-DTaP,POLIO,HiB VACCINE (PENTACEL)",258.33
CL-EKG,120
"CL-FLU VACC. MEDICARE, ACK. CL.- AFLURIA",45
CL-FLU VACCINE M'CARE ADV.PLANS- AFLURIA,45
CL-FLU VACCINE QUAD. 0.25mL,45
CL-FLU VACCINE QUAD.-.5ML PRIV >3yrs,45
CL-GLUCOSE,42
CL-H PYLORI,37.8
CL-H.INFLUENZAE B-PRIVATE (PEDVAX HIB),69.63
CL-HEMATOCRIT,20
CL-HEMOGLOBIN,20
CL-HEMOGLOBIN MCD,20
CL-HEPATITIS A VAC.-ADULT-HAVRIX-PRIVATE,189.27
CL-HEPATITIS A VAC.-PED (HAVRIX)-PRIVATE,85.38
CL-HEPATITIS B VACCINE 10MCG/0.5ML VIAL,46.34
CL-HEPATITIS B VACCINE ADULT,95
CL-HPV VACCINE (GARDASIL) 0.5ML,25
CL-HPV VACCINE-PRIVATE (GARDASIL),466.92
CL-IBUPROFEN 600MG TAB,5
CLINDAMYCIN (CLEOCIN) 150MG CAP,6
CLINDAMYCIN (CLEOCIN) 300MG/2ML SDV,30
CLINDAMYCIN (CLEOCIN) 600MG/4ML ADDV VIA,30
CLINDAMYCIN 300MG ADV,30
CLINDAMYCIN 600MG/4ML INJ,30
CLINIC 1ST IMMUN. ADMIN.,35
CLINIC DRUG CONFIRMATION,100
CLINIC HEMOGLOBIN A1C,84
CLINIC PATH CONS COMP W/REVIEW,120
CLINIC PATH CONS LTD WO REVIEW,75
CLINIC QUICK STREP,41
CLINIC-MONO,25.2
"CLINIC-PREGNANCY, SERUM",90
CLINIC-WET PREP,90
CL-KENALOG 10 MG/ML,8
CL-KETOROLAC (TORADOL) 30MG/ML SDV,25
CL-KETOROLAC (TORADOL) 60MG/2ML SDV,50
CL-LINCOMYCIN (LINCOCIN) 300MG/ML MDV,31.67
CL-LIPID PANEL,100.8
"CL-MENINGOCOCCAL CONJ VAC-A, C, Y, W-135",339.29
CL-METHYLPRED. (SOLU-MEDROL) 125MG/2ML,25
CL-METHYLPREDNISOLONE 80MG/ML SDV,29.11
CL-MICROALBUMIN,60
CL-MMR VACCINE - PRIVATE,184.91
CL-NALBUPHINE (NUBAIN) 10MG/1ML INJ,25
CL-NEBULIZER,40
CL-NEBULIZER/UPDRAFT,40
CLO LACERATION MOUTH 2.5 CM/LESS,396
CLO TX CLAV FX WO MANIP,324
CLO TX DIST RAD FX WO MANIP,439.2
CLO TX SHLDR DOSLOC W/MANIP WO ANES,470.4
CLONAZEPAM (KLONOPIN) 1MG TAB,6
CLONIDINE 0.1MG TAB,6
CLONIDINE 0.1MG/24 HR PATCH,46.5
CLONIDINE 0.3MG/24 HR PATCH,86.95
CLONIDINE HCL 0.1MG/24HR PTCH,47.3
CLOPIDOGREL (PLAVIX) 75MG TAB,6
CL-ORPHENADRINE 30MG/ML  2ML SDV,25
CLOS PATE DISC W/O A,250
CLOS TREAT MED MAL F,270
CLOS TREAT PROX FIB,225
CLOS TREAT TIBIA SH,320
CLOS TX FX W/O MANIP,124
CLOSD TX PROXIMAL HU,288
CLOSED FOLEY CATH TRAY,84
CLOSED METACAROPHALA FX,225
CLOSED TREA CARPAL,240
CLOSED TREA DISTAL,270
CLOSED TREA OF ULNA,220
CLOSED TREA ULNAR S,280
CLOSED TREAT OF RADIAL SHAFT FX,230
CLOSED TX HUMERAL SH,280
CLOSED TX OF FX EXCE,125
CLOTRIMAZOLE 1% CREAM,6
CL-PARATHORMONE,64.8
"CL-PNEUMONIA VACCINE 13, PRIV.-PREVNAR",510
"CL-PNEUMONIA VACCINE 23, PRIV.",236.78
CL-POTASSIUM SERUM,50.4
CL-PREDNISOLONE 15MG/5ML SOLN,5
CL-PROMETHAZIN (PHENERGAN) 25MG/ML SDV,25
CL-PROMETHAZINE (PHENERGAN) 25MG/ML SDV,25
CL-PT/ INR,72
CL-PULMONARY FUNCTION TEST,60
CL-RANITIDINE HCL (ZANTAC) 150MG TAB,5
CL-RANITIDINE HCL (ZANTAC) 25MG/ML,30
CL-REGLAN 10MG/2ML INJECTION,12
CL-SED RATE,37
CL-SULFAMET/TMP(BACTRIM DS)800-160MG TAB,5
CL-TB SKIN TEST (APLISOL) 5TU/0.1ML MDV,25
CL-TETANUS/DIPHTHERIA-PRIVATE (TD) >7YRS,80.73
CL-TRIAMCIN ACETO (KENALOG)40MG/ML MDV,25
CL-TRIGLYCERIDES,21
CL-U/A PREG,30
CL-U/A PREG MCD,30
CL-URINALYSIS W MICRO,21
CL-URINALYSIS W MICRO MCD,21
CL-WINSTON PLYWOOD DRUG SCREEN,35
CL-ZOFRAN 2MG/ML  2ML SDV,25
CMV DNA BY PCR,912
CMV IGG AB,240
CMV IGGM AB,198
CMV IGM AB,240
CMV QUANTITATIVE,641.25
CO Q-10 CAP 100MG,6
CO2 DETECTOR PEDI,24
CO2 SAMPLING NASAL CANNULA,14
"COBALT, BLOOD",450
COC DRUGS OF ABUSE PANEL 2,57
COCAINE,331.2
COHESIVE COBAN BANDAGE 1INCH,2
COHESIVE COBAN BANDAGE 2IN,3
COHESIVE COBAN BANDAGE 3IN,3
COHESIVE COBAN BANDAGE 4IN,8
COHESIVE COBAN BANDAGE 6IN,7
COLCHICINE (COLCRYS) 0.6MG TAB,19.32
COLD AGGLUTININ,54
COLD AGGLUTININ SCREEN,25
COLESTIPOL HCL 1 GM MICRONIZED,6
COLLAGENASE (SANTYL) 250U/GM OINT,288
COLLECTION FEE FINGERSTICK,6
COLLECTION FEE VENOUS,10.5
COLOSTOMY BAG 12,9.6
COLOSTOMY BAG 12,9.6
COLOSTOMY BAG 9773,108
COLOSTOMY BAG PREMIER 5/8-21/8,32
COLOSTOMY BAG PREMIER 8460,30
COLOSTOMY KIT,36
COMBAT TOURNIQUET,156
COMBIVENT RESPIMAT 20MCG/100MCG MDI,"1,097.78"
COMBIVENT RESPIMAT INHALATN 20MCG/100MCG,660.9
COMMITAL,75
COMP ISLAND  GAUZE 4X4,4
COMP METABOLIC PANEL,129.6
COMPAZINE (PROCHLORPERAZINE) 5MG TAB,6
COMPAZINE 10MG/2ML INJ,45.6
COMPLEMENT C3,57.6
COMPLEMENT C4,46.8
COMPLEMENT COMPONENT,284
COMPLEMENT TOTAL,82.8
CONTINU FLO SOLUTION SET,29
CONTINUOUS NEB TX 1ST HR,42
CONTROL OF NOSEBLEED INITIAL,462
CONTROL OF NOSEBLEED LMTD,222
CONTROL SOLUTION,60
CONTROL/NASO/HEMORRH,240
CONTURED LEG BAG,33
COPPER 001586,180
CORRUGATED TUBING,7
CORTICOSTERONE,764.4
CORTISOL FREE,66
CORTISOL TOTAL,43.2
CORTISOL URINE 24 HR,30
CORTISPORIN 1% DROP OTIC,35.46
COSOPT 2%/0.5% OPH SOLN,36
COUMADIN 1MG TAB,5
COVER SPONGES,1
CPAP,300
C-PEPTIDE,84
CPR,250
CPR CARDIOPULMONARY RESUSCITATION,"1,080"
CPT INITIAL,100
CPT SUBSQT,100
CREATINE KINASE ISOENZYMES,185
CREATININE BLOOD,37.8
"CREATININE CLEARANCE, URINE",38.4
CREATININE KINASE (CK),43.2
"CREON 24,000 UNITS CAPSULE",18.3
CRITICAL CARE E&M 1ST 30-74 MINUTES,800
CRITICAL CARE EACH ADDTL 30 MIN,250
CRP (C-REACTIVE PROTEIN),82.32
CRP CARDIAC 120766,41
CRYO/ELECTRO (1 LESION),55
CRYO/ELECTRO BENIGN LESION 2-14 LESION,55
CRYO/ELECTRODES(1 LESION),55
CT ABD/PELVIS WITH CONTRAST,961.36
CT ABD/PELVIS WITHOUT CONTRAST,650.23
CT ABD/PELVIS WO + W CONTRAST,"1,117.55"
CT ABDOMEN WITH AND WITHOUT CONTRAST,"1,170"
CT ABDOMEN WITH CONTRAST,990
CT ABDOMEN WITH OUT CONTRAST,864
CT CERVICAL SPINE W/ CONTRAST,990
CT CERVICAL SPINE W/O CONTRAST,637.2
CT CERVICAL SPINE WITH AND WITHOUT,"1,050"
CT CHEST THORAX WITH CONTRAST,746.4
CT CHEST THORAX WITHOUT CONTRAST,637.2
CT CHEST THORAX WO + W CONTRAST,"1,296"
CT HEAD/BRAIN W CONTRAST,864
CT HEAD/BRAIN W/O + W CONTRAST,"1,080"
CT HEAD/BRAIN W/O CONTRAST,864
CT LOWER EXT W/AND W/O IV CONTRAST-LT,"1,287"
CT LOWER EXT W/AND W/O IV CONTRAST-RT,"1,287"
CT LOWER EXT WO CONTRAST LT,780
CT LOWER EXTREMITY W/IV CONTRAST-LT,"1,287"
CT LOWER EXTREMITY W/IV CONTRAST-RT,"1,287"
CT LOWER EXTREMITY WO/IV CONTRAST-LT,"1,170"
CT LOWER EXTREMITY WO/IV CONTRAST-RT,"1,170"
CT LUMBAR SPINE W/AND WO IV CONTRAST,"1,287"
CT LUMBAR SPINE W/IV CONTRAST,"1,287"
CT LUMBAR SPINE W/O CONTRAST,"1,044"
CT MAXILLOFACIAL/ SINUS W/O CONTRAST,613.08
CT MAXILLOFACIAL/SINUS W CONTRAST,740.99
CT MAXILLOFACIAL/SINUS WO / W CONTRAST,900
CT ORBIT/SELLA/POST FOSSA W/CONT,863.75
CT ORBIT/SELLA/POST FOSSA W/O CONT,742.73
CT ORBITS WITH AND WITHOUT CONTRAST,953.83
CT PELVIS W/O CONTRAST,"1,044"
CT PELVIS WITH CONTRAST,960
CT PELVIS WO + W CONTRAST,"1,140"
CT SOFT TISSUE NECK W/O + W CONTRAST,"1,020"
CT SOFT TISSUE NECK WITH CONTRAST,750
CT SOFT TISSUE NECK WO CONTRAST,660
CT THORACIC SPINE W/O CONTRAST,750
CT THORACIC SPINE WITH AND WITHOUT,"1,050"
CT THORACIC SPINE WITH CONTRAST,870
CT UPPER EXT W/AND WO IV CONTRAST RT,"1,287"
CT UPPER EXT W/AND WO IV CONTRAST-LT,"1,287"
CT UPPER EXT W/IV CONTRAST LT,"1,287"
CT UPPER EXT W/IV CONTRAST RT,"1,287"
CT UPPER EXT W/O CONTRAST LT,"1,170"
CT UPPER EXT W/O CONTRAST RT,"1,170"
CTA ABD/PELVIS WO/W CONTRAST,"1,872"
CTA CHEST W/IV CONTRAST PE PROTOCOL,"1,287"
CTA HEAD W/IV CONTRAST,"1,287"
CTA LOWER EXT W/AND W/O IV CON BILATERAL,"1,287"
CTA SOFT TISSUE NECK,"1,287"
CUBICIN 500MG INJ,"1,320"
CULTURE AEROBIC (WOUND),122.4
CULTURE ANAEROBIC,72
CULTURE BLOOD,86.4
CULTURE BLOOD #2,86.4
CULTURE BLOOD PEDIATRIC (ARD),86.4
"CULTURE C&S, MYCOBAC",54
CULTURE CATH TIP,122.4
CULTURE EAR,122.4
CULTURE EYE,122.4
CULTURE GENITAL,21
"CULTURE ID, ANAEROBE",42
"CULTURE ID, BACTERIA AEROB",86.4
"CULTURE IDENTIFICATION, PARASITE",63
CULTURE LEGIONELLA,122.4
CULTURE MSS ASSOICATED CHARGES,75
CULTURE MSS/ANA ROUTINE AND ANA CULTS,75
CULTURE ORGANISM URINE ID,64.8
CULTURE SPUTUM/LOWER RESPIRATORY,122.4
CULTURE STERILE FLUID,122.4
CULTURE STOOL,63
CULTURE STOOL VIRAL,145
CULTURE STREP A (THROAT),61.2
CULTURE STREP A (THROAT) in house,98
CULTURE THROAT (NOT STREP A)/UPPER RESP,61.2
CULTURE URINE,74.88
CULTURE VIRAL GENERAL,101.5
"CULTURE VIRAL, RAPID LESION",360
"CULTURE, GROUP B BETA STREP",61.2
"CULTURE, MBC",133.2
"CULTURE, MYCOPLASMA (ANY SOURCE)",75.6
CX ABD SNGL AP VIEW (KUB),74.02
CX ABDOMEN FLAT AND ERECT,122.5
CX ANKLE 3+ VIEW LT,83.71
CX ANKLE 3+ VIEW RT,100.45
CX BIL HIP W/PELVIS,160
CX CALCANEUS 2+ VIEWS LT,175
CX CALCANEUS 2+ VIEWS RT,175
CX CHEST 2 VIEWS PA + LAT,76.7
CX CHEST SNGL VIEW AP /PORT,90
CX ELBOW 2 VIEWS LT,70.68
CX ELBOW 2 VIEWS RT,70.68
CX FEMUR 2 VIEW LT,120
CX FEMUR 2 VIEW RT,120
CX FINGER 2+ VIEWS LT,82.34
CX FINGER 2+ VIEWS RT,82.34
CX FOOT 3+ VIEWS LT,94.32
CX FOOT 3+ VIEWS RT,78.6
CX FOREARM 2 VIEWS LT,69.96
CX FOREARM 2 VIEWS RT,69.96
CX HAND 3+ VIEWS LT,82.01
CX HAND 3+ VIEWS RT,82.01
CX HIP W/PELVIS 2 VIEW LT,100
CX HIP W/PELVIS 2 VIEW RT,100
CX HUMERUS 2+ VIEWS LT,80
CX HUMERUS 2+ VIEWS RT,96
CX KNEE 1 OR 2 VIEWS LT,76.56
CX KNEE 1 OR 2 VIEWS RT,91.87
CX KNEE 3 VIEWS LT,92.87
CX KNEE 3 VIEWS RT,111.44
CX KNEE 4+ VIEWS RT,107.88
CX PELVIS 1 OR 2 VIEWS,84
CX RIBS UNI 2 VIEWS LT,105.6
CX RIBS UNI 2 VIEWS RT,120
CX RIBS UNILAT W/PA CHEST LT,120
CX RIBS UNILAT W/PA CHEST RT,120
CX SACRUM + COCCYX MIN 2 VIEW,72.63
CX SCAPULA COMPLETE LT,80
CX SCOLIOSIS STUDY 2 VIEW,120
CX SHOULDER MIN 2 VIEWS LT,77.52
CX SHOULDER MIN 2 VIEWS RT,77.52
CX SI JOINTS BILATERAL 3 VIEWS OR MORE,110
CX SINUSES PARANASAL COMPLT 3V,97.57
CX SPINE CERV 2/3 VIEWS,90.01
CX SPINE LUMBOSACRAL 2/3 VIEWS,108
CX SPINE THOR 2 VIEWS,84.37
CX STERNUM MIN 2 VIEWS,79.86
CX TIBIA/FIBULA 2 VIEWS LT,55
CX TIBIA/FIBULA 2 VIEWS RT,69.22
CX TOE(S) 2+ VIEWS LT,94.8
CX TOE(S) 2+ VIEWS RT,94.8
CX WRIST 2 VIEWS RT,100
CX WRIST 3+ VIEWS LT,93.94
CX WRIST 3+ VIEWS RT,93.94
CYANOCOBALAMIN (VIT B12) 1000MCG TAB,6
CYANOCOBALAMIN 1000MCG/ML SDV,30
CYCLIC CITRULLINATED PEPTIDE ANTIBODIES,81.48
CYCLOBENZAPRINE HCL 10MG TAB,6
CYCLOSPORINE,276
CYPROHEPTADINE HCL 4MG TAB,6
CYTOLOGY BODY FLUID,178.8
CYTOPATH SLIDES-CERV/VAG MAN SCRN,115.5
CYTOPATHOLOGY,375
D/L METHANPHETAMINE,331.2
D5 1/2 NORM SALINE 20MEQ KCL 1000ML,54
D5 1/2 NORMAL SALINE 1000ML,30
D5 1/4 NS 1000ML,54
D5 NS 20MEQ KCL 1000ML,54
DABIGATRAN (PRADAXA) 150MG CAP,14.87
DALIRESP 500MG TAB,28.5
D-DIMER QUALITATIVE,30
D-DIMER QUANT,147.6
DEBRID OF SKIN,250
DEBRID SKIN & SUBSIQ,175
DEBRID SKIN PARITIAL,75
"DEBRIDE, BONE EA ADDTNL  20CM",415.2
"DEBRIDE, BONE FIRST 20CM","1,063.2"
"DEBRIDE, DEVITALIZED TISSUE ADDTL 20CM",513.6
"DEBRIDE, DEVITALIZED TISSUE FIRST 20 CM",513.3
"DEBRIDE, MUSCLE/FASCIA EA ADDTNL 20CM",465.6
"DEBRIDE, MUSCLE/FASCIA FIRST 20CM","1,005.6"
"DEBRIDE, SUBQ TISSUE EACH ADDTNL 20CM","1,006.32"
"DEBRIDE, SUBQ TISSUE FIRST 20CM","1,006.32"
DEBRIDEM NAILS ELEC,26
DEBRIDEM OF NAILS,36
DEBRIDEM OF NAILS A,26
DECADRON INTENSOL OS 1MG/ ML (CONCNTRAT),6
DECANNULATION PLUG,31
DECLOGGER G/J TUBE,30
DEFIB PADS,99
DEMEROL  5MG TAB,6
DEMEROL 100MG/ML AMP,25
DEMEROL HCL 50MG/ML CARPUJECT,30
DEPAKOTE 125MG DR TAB,5
DEPAKOTE 250MG TAB,9.85
DEPO-MEDROL 80MG/ML SDV,30
DEPRESSION SCREENING / EMOT./BEH.ASSESS,45
DERMABLADE,7.2
DERMABOND, -   
DEST MALG LESION <.5 FACE/NOSE/LIP/EAR,135
DEST/MALIG FACE/EARS/NOSE/LIP 0.6-1.0CM,185
DESTR MALIG LESION .6,155
DESTR MALIG.LES 2.1,225
DESTRU MALIG LESION/TRK/ARM/LEG 0.6-1.0,120
DESTRUC MALIGN LESION/TRK/ARM/LEG 0.5<,100
DESTRUC WART/FLAT UP TO 14 LESIONS,250
DESTRUCITON DENI LES,50
DESTRUCT/LESION SIMPLE/VULVA,117
DESTRUCTION ANY METH,50
DEXAMETHASONE (DECADRON) 10MG/ML,30
DEXAMETHASONE 0.5MG/5ML ELIX,6
DEXAMETHASONE 4MG TAB,6
DEXAMETHASONE 4MG/ML SDV INJ,30
DEXTROSE (GLUTOSE 15) 0.4 GEL,13.14
DEXTROSE 10% INJ IN WATER 1000ML,30
DEXTROSE 5% 1000ML SOLN,54
DEXTROSE 5% 250ML SOLN,54
DEXTROSE 5% NACL 0.9% 1000ML,54
DEXTROSE 5% NORMAL SALINE 0.45% 500ML,30
DEXTROSE 5%/NORMAL SALINE 0.45% 1000ML,54
DEXTROSE 50% SYRINGE,30
DEXTROSE 50%/WATER 50 ML SYRN,25
DHEA-S,115
DIAL FLOW ADM SET,7
DIAMOX 500MG ER CAP,10.85
DIASTAT RECTAL GEL 10MG (DIAZEPAM),510
DIAZEPAM (VALIUM) 10MG/2ML CARP,30
DIAZEPAM (VALIUM) 5MG TAB,6
DICLOFENAC 75MG TAB,6
DICLOFENAC DR 75MG TAB,5
DICLOXACILLIN 500MG CAP,5
DICYCLOMINE HCL 10MG CAP,6
DIGOXIN,100.8
DIGOXIN 0.125MG TAB,6
DIGOXIN 0.25MG TAB,6
DIGOXIN 0.5 MG/2ML INJ,30
DIHYDROTESTOSTERONE,91.2
DILAUDID 2MG/ML INJECTION,25
DILTIAZEM (CARDIZEM CD) 120MG CAP,6
DILTIAZEM (CARDIZEM CD) 180MG CAP,6
DILTIAZEM (CARDIZEM CD) 240MG CAP,6
DILTIAZEM (CARDIZEM) 60MG TAB,6
DILTIAZEM CD 300MG CAPS,6
DILTIAZEM HCL (CARDIZEM) 25MG/5ML SDV,30
DILTIAZEM HCL ER 120MG CAP,5
DIMENHYDRINATE 50MG TAB,6
DIOVAN 80MG TAB,6
DIPHENHYDRAMINE (BENADRYL) 2% CREAM,13.2
DIPHENHYDRAMINE HCL 25MG CAP,6
DIPHENHYDRAMINE HCL 50MG/ML SDV,42
DIPHENHYDRAMINE(BENADRYL) 12.5MG/5ML LIQ,6
DIPYRIDAMOLE/ASPIRIN 200-25MG CAP,11.75
DIRECT LDL,120.96
DISLOC WITH MANIP WI,185
DISLOCATION SHOULDER,270
DISLOCATION/DISTAL RADIOULNAR/CLOSED,145
DISP ADULT BLOOD  PRESS CUFF,7
DISP ADULT BLOOD SM PRESS CUFF,6
DISP ADULT LG BLOOD PRESS CUFF,9
DISP SCALPELS 10,4
DISPOSABLE BLOOD PRESSURE CUFF,69
DISPOSABLE BLOOD PRESSURE CUFF,69
DISPOSABLE SCAPLPEL size 10,5
DIVALPROEX SODIUM 250MG DR TAB,6
DIVALPROEX SODIUM 500MG ER TAB,6
DIVALPROEX SODIUM DELAYED-RELEASE 500MG,5
DOBHOFF NG TUBE,68
DOBUTAMINE HCL 12.5MG/ML SDV,25
DOBUTAMINE HCL/D5W 250MG/ 250ML SOLN,61.2
DOCU LIQUID (DOCUSATE SOD) 50MG/5ML,6
DOCUSATE SODIUM 100MG CAP,6
DOCUSATE SODIUM/ SENNOSIDES 50/8.6MG TAB,6
DONEPEZIL HCL (ARICEPT) 10MG TAB,6
DONEPEZIL HCL (ARICEPT) 5MG TAB,6
DORZOLAMIDE HCL OPTH,30
DOT DRUG SCREEN,60
DOT DRUG SCREEN,105
DOXAZOSIN MESYLATE 4MG TAB,6
DOXEPIN,113
DOXEPIN HCL 10MG CAP,6
DOXEPIN HCL 25MG CAP,6
DOXYCYCLINE 25MG/5ML ORAL SOLN,71.5
DOXYCYCLINE HYCLATE 100MG CAP,6
DOXYCYCLINE HYCLATE 100MG VIAL,101.88
DRAIN SPONGES SPLIT,1.2
DRAINAGE BAG HOLDER,29
DRAINAGE FINGER ABCESS SIMPLE,85
DRAINAGE OF FINGER ABSCESS,576
DRAINAGE OF HEMATOMA/FLUID,"1,500"
DRAINAGE OF SKIN ABSCESS,228
DRAINAGE OF SKIN ABSCESS,390
DRAPE SHEETS 53X77 DENTAL,6
DRAWING BLOOD,18
DRAWTECH,21.6
DRESSINGS AND/OR DBRDMNT GRTR THAN 10%,200.4
DRESSINGS AND/OR DEBRIDEMENT 5-10% TOTAL,493.2
DRESSINGS AND/OR DEBRIDEMENT PARTIAL THI,270
DRUG CONFIRM NICOTINE,186.84
DRUG SCREEN 12 PANEL,61.2
DRUG SCREEN VALIDATION,61.2
DRUG SCRN QUAL DRUG MTHD EA DRG,493.56
DS DNA AB,60
dsDNA CRITHIDIA LUCILLAE AB IGG BY IFA,110
DULOXETINE HCL (CYMBALTA) 30MG CAP,21.42
DULOXETINE HCL (CYMBALTA) 60MG CAP,21.42
DUODERM EXTRA THIN 4 X 4,22.8
DURAFIBER  FIBER GEL DRESSING 4X4,12
DUTASTERIDE (AVODART) 0.5MG GELCAP,11.5
DYCLONINE LOZENGES,6
EACH ADDTL 100CM WOUND SURFACE AREA,247.2
EACH ADDTNL 100 CM OF WOUND SURFACE AREA,205.2
EACH ADDTNL 25 CM OF WOUND SURFACE AREA,85.2
EACH ADDTNL 25CM WOUND SURFACE AREA,114
EAKIN COHESIVE SKIN BARRIER 4X4,16
EAR WICK,8
EB VIRUS  ANTI- VCA TITERS IGG&IGM,60
EBV DNA BY PCR,575
EBV EARLY ANTIGEN,37.2
EBV NUCLEAR ANTIGEN (86664),31
EBV VIRAL CAPSID IGM,84
EBV-VIRAL CAPSID IGG,37.2
ED-A-HIST 10-3MG TAB(S),6
EHRILICHIA CHAFFEENISIS IGG,187.2
EHRILICHIA GRANALOCYTIC IGG,187.2
EHRILICHIA GRANALOCYTIC IGM,187.2
EKG,84
"EKG INTERPRETATION AND REPORT ONLY, 12LD",50
ELASTIC BANDAGE 2 INCH,3
ELASTIC BANDAGE 3 INCH,3
ELASTIC BANDAGE 4 INCH,4.8
ELECT(2-3) USE 17003,40
ELECTRODE 2  (PT),3
ELECTRODE HUGGABLES ECG,2.4
ELECTRODESIC(FACE),40
ELECTROLYTE PANEL,115.2
ELIQUIS 5MG TAB,18
ELIQUIS 5MG TAB,12.5
ELOCON 0.1% OINTMENT,30
ELONGATED OXYGEN MASK,7
EMER DEPT VISIT E&M MODERATE SEVER,300
EMER VISIT E&M HI SEVER URGENT EVAL,530
EMER VISIT E&M LOW-MODERAT SEVERITY,180
EMER VISIT E&M SELF LIMITED/MINOR,110
ENALAPRIL (ENALAPRIL) 1.25MG/ML SDV,30
ENALAPRIL (ENALAPRIL) 10MG TAB,6
ENDO NASAL TRACH TUBE 6.0MM,18
ENDO TRACH 4.5 CUFFED,15
ENDO TRACH TUBE 3.0,3
ENDO TRACH TUBE 7.5,18
ENDO TRACH TUBE 9.0MM,15
ENDO TRACH TUBE HOLDER,30
ENDOMYSIAL AB,176.4
ENDOTRACH TUBE HOLDER,30
ENDOTRACHEAL TUBE INTRODUCER,120
ENEMA KIT,9
ENGERIX B  20MCG/ML VACCINE - 3 DOSE,195.01
ENOXAPHFA (LOVENOX) 100MG/ML MDV,66
ENOXAPHFA (LOVENOX) 30MG/0.3ML SYRN,30
ENOXAPHFA (LOVENOX) 40MG/0.4ML SYRN,30
ENOXAPHFA (LOVENOX) 60MG/0.6ML SYRN,31.9
ENOXAPHFA (LOVENOX) 80MG/0.8ML SYRN,42.53
ENSURE CLEAR (APPLE OR MIX BERRY) 6.8 OZ,5
ENSURE ENLIVE VANILLA OR CHOCOLATE,7.15
ENSURE HIGH PROTEIN 8 OZ BOTTLE,5
ENSURE LIQUID,6
ENTACAPONE(COMTAN)200MG TABS,8.38
ENTRESTO 49/51 MG TAB,21.5
ENUCLEATION OR EXCIS,120
ENVIRONMENTAL ALLERGY SCREENING,720
EPINEPHRINE 0.1MG/ML 10ML SYR,30
"EPINEPHRINE 1:1,000 (1MG/ML)",45
EPINEPHRINE 1MG/ML 30ML VIAL,30
EPINEPHRINE 1MG/ML AMP INJ,25
"EPSTEIN BARR TITER, WB OR CSF",526.8
ER E&M-HIGH SEVERITY SIGNIF THREAT,800
ERYTHROMYCIN (ERYTHROCIN) 500MG INJ,96.77
ERYTHROMYCIN 3.5 GRAM OINTMENT,42
ERYTHROMYCIN BASE OPTH OINT,46.02
ESCITALOPRAM (LEXAPRO) 10MG TAB,15.78
ESCITALOPRAM (LEXAPRO) 20MG TAB,6
ESOMEPRAZOLE (NEXIUM) 20MG CAP,5
ESTABLISHED PATIENT VISIT LEVEL 2,144
ESTRADIOL,332.4
ESTRADIOL 0.5MG TAB(S),6
ESTRADIOL FREE,817.2
ESTROGEN FRACTIONATED,60
ESTROGENS TOT,198
ESTRONE,332.4
ETHILON 3.0 27LONG DENTAL,27.6
ETHILON 3-0 PS-1,84
ETHILON 3-0 PS-1,74.4
ETHILON 3-0 PS-1,75.6
ETHILON 3-0 PS-2,67.2
ETHILON 3-0 PSL,84
ETHILON 4-0 P-3 VICRYL,48
ETHILON 4-0 PC-3 NYLON,64
ETHILON 4-0 PS-2,63
ETHILON 4-0 PS-2,45.6
ETHILON 5-0 P-3,75.6
ETHILON 5-0 P-3,63
ETHILON 5-0 PS-2,67.2
ETHILON 6-0 P-3,74.4
ETHILON 6-0 P-3,51
ETHILON 6-0 PC-3,61.2
ETHILON BLK MONO 4-0 18' P-3,72
ETHILON PERMA-HAND BLK 3-0 30 SH DENTAL,22.8
ETHILON SILK SUTURE 2-0 SILK,50
ETHILON VICRYL 3/0,76.8
ETHYL CHLORIDE TOPICAL ANESTHETIC,10
ETODOLAC (LODINE) 400MG TAB,6
ETOH,58.8
ETOMIDATE (AMIDATE) 2MG/ML,44.46
EUCERIN CREAM,37.51
EVACUATION OF SUBUNGUAL HEMATOMA,50
EVB ANTIGEN,70
EVEN CARE CONTROL SOLUTION,31.2
EVEN CARE G2 TEST STRIPS HOSPITAL,1
EVEN CARE G3 TEST STRIPS NURSING HOME,1.2
EXC 6-1.0CM TRK ARM LEG BENIGN,95
EXC BEN LESION/1.1-2CM NK HDS FT SCP GEN,140
EXC BEN/LESION/3.1-4 TK ARM LEG,175
EXC BENI LES/1.1-2.CM TRK/ARM/LEG,125
EXC BENIGN.6-1CM NK SCLP FT HDS GENITA,95
EXC CYST FIBRO BENIGN BREAST,400
EXC GANGLION CYST WRIST,185
EXC LESION/MALIG/.5< FC EAR LIP NOSE ELI,150
EXC MALGI LESION >4CM FAC EAR NSE LIP EY,420
EXC MALI LES 2.1 3.0 TRK/ARMS/LEGS,215
EXC MALIG LESION/ARM/TRUNK/LEGS <.5,185
EXC MALIG/SCLP NECK HDS FT GENT .5<,130
EXC MALIGN LESION/.6-1.NK FT HDS SCLP GE,160
EXC OF BENI LESION 2.1-3.0 CM,200
EXC.LESION >4CM ARM/LEG/TRUNK,200
EXCI LES/BENIGN 3.1-4 FACE/EAR/NS/LIP,250
EXCI MALIG .6-1.O FACE EAR EYELI NOS LIP,200
EXCIS BENI <1.0CM NK SCP FT HD GENITALIA,80
EXCIS BENIGN LESION/TRK/ARMS/LEGS/2.1-3.,150
EXCIS SUBLING.SALIVA,225
EXCIS/EXTER/HEMORR/T,170
EXCIS/LES/MUCOSA/SUB,120
EXCIS/MALG/LES/TR AR LEG .05CM <,126
EXCIS/MALG/LES/TR AR LEG .06-1.CM,150
EXCISION,360
EXCISION LESION BACK,120
EXCISION LESION FACE/LP/EAR/NOSE 1.1-2CM,383
EXCISION MAL LESN SLP/NK/HDS/FT 1.1-2CM,523
EXCISION MALIGNANT L,250
EXCISION MALIGNANT L,305
EXCISION MALIGNANT L,250
EXCISION MALIGNANT L,280
EXCISION OF BENIGN 3,200
EXCISION OF BENIGN L,275
EXCISION OF LESION,75
EXCISION OF LESION,175
EXCISION OF LESION,110
EXCISION OF LESION,145
EXCISION OF LESION,230
EXCISION OF LESION,285
EXCISION OF LESION/BENIGN,70
EXELON PATCH 4.6MG/24HR,36.38
EXELON PATCH 9.5MG/24HR,32.75
EXICISION OF LESION,90
EXTENSION TUBING LATEX FREE,12
EXUDERM DRESSING,11
EYE IRRIGATION SOL,6
EZ STABILIZER,111.6
EZETIMIBE (ZETIA) 10MG TAB,16.8
EZO STABILIZER,61.2
FA TITER,110
FACIAL COLD/HOT PACK,212.4
FACTOR II ASSAY,302.4
FACTOR V ASSAY,428.4
FACTOR V LEIDEN,428.4
FACTOR V LEIDEN,"1,164"
FAMOTIDINE (PEPCID) 20MG/2ML INJ,30
FAMOTIDINE 20MG TAB(S),6
FAT/LIPIDS FECES QUAL,36
FDP,37.2
FE C PLUS TAB,6
FECAL LACTOFERRIN,150
FEEDING BAG KANGAROO BAG,44.4
FELODIPINE 5MG TAB,5
FEMALE CATH KIT,12
FENOFIBRATE (TRICOR) 145MG TAB,18.54
FENTANYL (DURAGESIC) 12MCG/HR PTCH,35.34
FENTANYL (DURAGESIC) 25MCG/HR PTCH,12.36
FENTANYL (DURAGESIC) 50MCG/HR PTCH,16.98
FENTANYL 100MCG/2ML INJ,25
FERRITIN,92.4
FERROUS GLUCONATE 324MG TAB,6
FERROUS SULFATE 220MG/5ML ELIX,6
FERROUS SULFATE 325MG TAB,6
FEXOFENADINE 180MG 24HR TAB,6
FEXOFENADINE 60MG TAB (ALLEGRA),5
FIBRINOGEN ACTIVITY,80.4
FILTER NEEDLE,1.2
FINASTERIDE 5MG TAB,6
FINGER SPLINT,4
FINGER STICK DRAW,6
FINGERSTICK,6
FISH OIL 1000MG CAP,6
FLECAINIDE 100MG TAB,6
FLEET INP ENMA,6
FLEET PEDIA-LAX ENMA,6
FLIGHT PHYSICAL,130
FLORASTOR 250MG CAPSULE,5
FLOW METER,60
FLU A,35
FLU A AND B,35
FLU B,35
FLU VACC (AFLURIA) QUADRIVALENT,88.74
FLUCONAZOLE 150MG TAB,6.08
FLUCONAZOLE 200MG TAB,6
FLUCONAZOLE/SOD CL 200MG/100ML IVPB SOLN,30
FLUDROCORTISONE ACETATE 0.1MG TAB,6
FLUMAZENIL 0.1MG/ML 5ML MDV INJ,30
FLUOXETINE HCL 10MG CAP,6
FLUOXETINE HCL 20MG CAP,6
FLUROX OPH SOLUTION 0.25%/0.4%,25
FLUTICASONE PROPIONATE 50MCG SPRAY,65.58
FOAM SACRUM DRESSING,46
FOLATE,224.4
FOLEY CATH COUDE TRAY 16F 10ML,46
FOLEY INSERTION TRAY,27
FOLEY TRAY 14F,35
FOLEY TRAY 16F,26.4
FOLEY TRAY 18 FR,24
FOLIC ACID 0.4 MG TAB,6
FOLIC ACID 1MG TAB,6
FOLIC ACID SERUM,74.4
FOOD ALLERGY SCREENING,375
FORCEPS STERILE ADSON,1
FOREIGN BODY REMOVED,85
FOREIGN BODY SHOULDER,470
FOSPHENYTOIN (CEREBYX) 500MG/10ML,35.24
FRACTURE BED PANS,3
FRACTURE FIBULA CLOSED,240
FREE CORTISD 24 HR URINE,80.4
FRUCTOSAMINE,144
FSH,194.4
FT3,24
FT4,78.96
FUNGAL CULTURE/STAIN OTHER,92.4
"FUNGAL CULTURE/STAIN SKIN,HAIR, NAIL",495
FUNGAL STAIN,135
FUROSEMIDE (LASIX) 20MG TAB,6
FUROSEMIDE (LASIX) 40 MG/4 ML SDV,30
FUROSEMIDE (LASIX) 40MG TAB,6
FUROSEMIDE 20MG/2ML INJ,30
G TUBE 16F,86
G TUBE 18F,86
G TUBE 20F,86
G TUBE 22F,86
G TUBE 24f,86
G0402- CL WELCOME TO MEDICARE,310
G0438- CL MEDICARE INITIAL EXAM,200
G0439- CL M'CARE ANNUAL WELLNESS SBSQT,216
G6PD QUAN,51.6
GABAPENTIN 100MG CAP,6
GABAPENTIN 250MG/5ML ORAL SOLN,5
GABAPENTIN 300MG CAP,6
GABAPENTIN 400MG CAP,6
GABAPENTIN TAB 600MG,6
"GADOLINIUM, 24 HR URINE",600
GAIT BELT S/M/L,21
GASTRIC INTUBAT & ASPIR/LAVAGE-TX,224.4
GASTRIN,183.6
GAUZE SPONGES 2X2,6
GAUZE SPONGES 4X4 DENTAL,5
GAUZE SPONGES 4X4 TRAY,2.4
GC ANTIBODIES,615.6
GC SCREEN ( E-SWAB),60
GC/CHLAMYDIA-AMPLIFIED PROBE (GENPROBE),334.8
GEMFIBROZIL 600MG TAB,6
GEN PROBE CHLAMYDIA,174
GEN PROBE GONORRHEA,174
GENERAL HEALTH PANEL,346
GENTAMICIN 80MG/100ML SOLN,30
GENTAMICIN PEAK,63
GENTAMICIN PEAK,52.5
GENTAMICIN SULFATE 0.3% DROP,26.4
GENTAMICIN SULFATE 40MG/ML VIAL CHARGE,25
GENTAMICIN SULFATE 80MG/2ML MDV,30
GENTAMICIN TROUGH,63
GERI-LANTA SUSPENSION,6
GERISLEEVES,63
GERISLEEVES BARIATRIC,63.6
GFR,15
GG IGA IGD IGG IGM EA,60
GGT,21
GI COCKTAIL # 2 (MYLAN-LEVSN-XYLO) 3:2:1,6
GI COCKTAIL 30 ML (MYLAN-DONN-LIDO)3:2:1,18
GIARDIA STOOL,132
GLIADIN AB DEAMIDATED IGG/IGA,80
GLIMEPIRIDE 1MG TABLET,6
GLIMEPIRIDE 4MG TAB,6
GLIPIZIDE 10MG TAB,6
GLIPIZIDE 2.5MG ER TAB,5
GLIPIZIDE 2.5MG XL TAB,5
GLIPIZIDE 5MG XL TAB,6
GLU TOLERANCE EA ADD BEYOND 3 SPEC,30
GLU TOLERANCE TEST 3 SPECMN,75
GLUCAGEN 1MG KIT,492.54
GLUCERNA 1.0 LIQUID IN BOTTLE,6
GLUCERNA 1.2 LIQUID IN BOTTLE,32
GLUCERNA 1.2 LIQUID IN CAN,6
GLUCERNA 1.5 LIQUID,6
GLUCOSAMINE-CHONDROITIN 500/250 MG,6
GLUCOSE,42
GLYBURIDE 5MG TAB,6
GLYCERIN SUPP ADULT,6
GLYCERIN SUPP PEDS,6
GRAM STAIN,63
GRAM STAIN,51.24
GRANU LARGE BL,174
GRANU SMALL,210
GRANUFOAM DRESSING MEDIUM,146
GRAVITY FEEDING SET,10
GROUP B STREP CSF,257
GTT 2 HOUR,84
GTT 3 HOUR,105
GUAIFEN/COD 200MG-20MG/10ML SYRP,6
GUAIFENESIN (MUCINEX) 400MG TAB,6
GUAIFENESIN 100MG/5ML SYRP,6
GUAIFENESIN DM 100MG/10MG PER 5ML LIQUID,6
GUAIFENESIN LA (MUCINEX LA) 600MG TAB,6
H INFLUENZA CSF,257
H PYLORI,75.6
H PYLORI IGM (SEND-OUT),60
H PYLORI STOOL (SEND OUT),180
HALF NORMAL SALINE 0.45% 1000 ML SOLN,54
HALOPERIDOL 5MG TAB,6
HALOPERIDOL LACTATE 5MG/ML SDV,30
HAPTOGLOBIN,126
HBIM HEPATITIS B IMMUNIZATION,156
HBV VIRAL DNA,981.6
HCV GENOTYPE,900
HCV VIRAL LOAD,352.8
HDL,50.4
"HEAVY METAL,URINE",525
HEEL FOAM DRESSING,79
HEEL PROTECTOR SOCK,25
HEEL PROTECTORS PURPLE,16.8
HEMATOCRIT,25.2
HEMOCHROMATOSIS DNA,900
HEMOGLOBIN,25.2
HEMOGLOBIN A1C,100.8
HEP B SURFACE ANTIBODY (PRE-EMPLOYMENT),97.92
HEP B SURFACE ANTIGEN,72
HEP B VACCINE PEDIATRIC,95
"HEPARIN 5,000 UNITS - 1ML",30
HEPARIN LOCK FLUSH 50 UNITS / 5ML,30
HEPATIC FUNCTION PANEL,129.6
HEPATITIS A ANTIBODY IgG,122.4
HEPATITIS A ANTIBODY-TOT,50
HEPATITIS A IGM ANTIBODY,168
HEPATITIS B CORE ANTIBODY-IGM AB,60
HEPATITIS B CORE ANTIBODY-TOT,57.6
HEPATITIS B IMMUNIZATION,156
HEPATITIS B VACC 10MCG/0.5ML VIAL,41.8
HEPATITIS B VACCINE 20MCG/0.5ML - 2 DOSE,304.75
HEPATITIS BE ANTIBODY,60
HEPATITIS BE ANTIGEN,90
HEPATITIS C ANTIBODY CONFIRM TEST RIBA,540
HEPATITIS C VIRUS ANTIBODY (SCREEN),75
HEPTATIS C VIRAL LOAD (CONFIRM),546
HERPES CULTURE,64.8
HERPES SELECT I IGG,44.25
HERPES SELECT II  IGG,53.1
HERPES SIMPLEX VIRUS BY PCR,352.8
HGB FRACTION-QUANTITAT ELEC-PHORE,174
HISTOPLASMOSIS SKIN,10
HIV VIRAL LOAD,655.2
HIV-1 & HIV-2,96
HLA B27 BY PCR (81374),138
HOLTER MONITOR SET-UP,150
HOLTER MONITOR-RECORDING & ANALYSIS,225
HOMOCYSTEINE (SERUM),280.8
"HPV DNA, HISK RISK, ANAL RECTAL",150
HSV 1&2 IGG,226.8
HSV 1&2 IGM,50
HSV TYPE 2 ONLY,54.6
HSV2,78
HUBER NEEDLE 19X1 SAFETY,80.4
HUBER NEEDLE 20X1 INJECTION CAP,80.4
HUMALOG - SS,1
HUMAN PAPILLOMA VIRUS (HPV),252
HUMIDIFIER CONNECTOR,1.5
HUMULIN 70/30 MDV,2.4
HUMULIN N -  1 UNIT,1
HUMULIN R - 5 UNITS,1
HYDRALAZINE 100MG TAB,5
HYDRALAZINE 20MG/ML VIAL,30
HYDRALAZINE HCL 10MG TAB,6
HYDRALAZINE HCL 25MG TAB,6
HYDROCHLOROTHIAZIDE 12.5MG CAP,6
HYDROCHLOROTHIAZIDE 25MG TAB,6
HYDROCOD/ACETAMIN 10-325MG TAB,6
HYDROCODONE/ ACETAMINOPHEN 5MG-325MG TAB,6
HYDROCODONE/ ACETAMINOPHEN 7.5MG-325MG T,6
HYDROCOLLOID 2X2 THIN STRIP,8.4
HYDROCORTISONE 1% CRM,6
HYDROCORTISONE 100 MG INJ,30
HYDROCORTISONE 10MG TAB,6
HYDROCORTISONE 2.5% CREAM,9.18
HYDROCORTISONE 2.5% RECTAL CREAM,33.66
HYDROCORTISONE 250MG INJ,35.35
HYDROCORTISONE ACETATE 25MG SUPP,30.73
HYDROGEL WOUND DRESSING,11
HYDROGEN PEROXIDE,6
HYDROMORPHONE 2MG TAB,5
HYDROXY VITA D-25,75.6
HYDROXYCHLOROQUINE 200MG TAB,6
HYDROXYUREA 500MG CAPSULE,6
HYDROXYZINE (VISTARIL) 50MG CAP,6
HYDROXYZINE HCL (ATARAX) 25MG TAB,6
HYDROXYZINE HCL 50MG/ML SDV,30
HYDROXYZINE PAMOATE (VISTARIL) 25MG CAP,6
HYOSCYAMINE ELIXIR 0.25 MG/10ML,5
HYOSCYAMINE SULFATE 0.125MG TAB,6
HYPERGEL WOUND DRESSING,28.8
I & D TRAY,9
I CAR-C 100-250MG TAB,6
I&D ABSCESS PERIRECTAL,125
I&D ABSCESS SIMPL/SNGL,138
I&D BARTHOLIN CYST,110
I&D LEG OR ANKLE ABSCESS,350
"I&D OF HEMATOMA, SEROMA OR FLUID COLLECT",542.4
I&D OF VULVA OR PERINEAL ABSCESS,115
I&D RECTAL ABSCESS,60
IBUPROFEN (MOTRIN) 200MG TAB,6
IBUPROFEN 100MG/5ML SUSP,6
IBUPROFEN 400MG TAB,6
IBUPROFEN 600MG TAB,6
ICE BAG,4.48
IDOFLEX PAD,34
IGF BINDING PROTEIN III,561.6
IGMQN SERUM,28
IMAGED THIN PREP WITH REFLEX,100.8
IMMUN./VACC. ADMINISTRATION,45
"IMMUN0ELECTROPHORESIS, URINE",150
IMMUNIZATION ADMIN EA ADD VACC,24
IMMUNIZATION ADMINISTRATION ADDTL,50
"IMMUNOELECTROPHORESIS, SERUM",150
INCENTIVE SPIR SUBSQT,66
INCIS OF LINGUAL FRE,85
INCISION & DRAINAGE ABSCESS SIMPLE,386.4
INCISION OF WINDPIPE,900
INDICATOR STRIP,1
INDOMETHACIN 25MG CAP,6
INDUSTRIAL DRUG SCREEN 8 PANEL,25
INFANT NASAL CANNULA,13
INFANT OXYGEN MASK,9
"INFLUENZA A,B",42
INHIBITOR FUNCTION,227
INHIBITOR QUANT,156
"INITIAL TREATMENT, FIST DEGREE BURN",230.4
INJ IM OR SUBCUTANEOUS ER,63.6
INJ IM OR SUBCUTANEOUS OUTPT.,76.32
INJ MAJOR JOINT,488
INJ/IV EA ADDTL SEQ PUSH SAME DR OUTPT.,88.8
INJ/IV EA ADDTL SEQ PUSH SAME DRUG ER,88.8
INJ/IV PUSH EACH ADDTL SEQ NEW DR OUTPT.,88.8
INJ/IV PUSH EACH ADDTL SEQ NEW DRUG ER,88.8
INNER TRACH CANNULA SIZE 4,23
INNER TRACH CANNULA SIZE 6,14
INSERT EMERGENCY AIRWAY,270
INSERT EMERGENCY AIRWAY,600
INSERT NON-TUNNEL CV CATH,132
INSULIN,172.8
INSULIN (NOVOLOG) 100U/ML,1
INSULIN FREE,80
INSULIN FREE ASSOCIATED CHARGE,48
INSULIN GLARG (LANTUS) 100 UNITS/ML VL,14.4
"INSULIN, RANDOM (PLASMA)",172.8
INSULIN-LIKE GROWTH FACTOR I,288
INT SODIUM CHLORIDE 0.9% FLUSH 10 ML,6
INTRAOSSEOUS NEEDLE 15MM,803
INTRAOSSEOUS NEEDLE 25MM,410
INTRAOSSEOUS NEEDLE 45MM,387
INTRINSIC FACTOR ANTIBODY,144
INTUBATION STYLET 10F,6
INTUBATION STYLET 14F,6
INTUBATION STYLET 2.5MM-9.0MM,19
INTUBATION STYLET 7.0,18
INVANZ 1GM (ERTAPENEM) VIAL,219.22
IO INSERTION,300
IODINE SERUM,259.2
IONIZED CALCIUM,273.6
IPRATROPIUM BROMI 0.5MG/2.5ML INH SOLN,6
IRBESARTAN 150MG TAB,6
IRON,64.8
IRON BINDING CAPACITY,86.4
IRRIGATION OF EYE,65
IRRIGATION TRAY,8
IRRIGATION/FLUSH VAD/PICC,140
ISOENZYMES,127
ISOSORBIDE DIN 10MG TAB,6
ISOSORBIDE DINITRATE 20MG TAB,6
ISOSORBIDE MONONITRATE 30MG TAB,6
ISOSOURCE 1.5 CAL 250ML,5
IV ADMIT SE,23
IV CONCURRENT INFUSION OUTPT.,88.8
IV EXTENSION SET,8
"IV INFUSION ADDTL SEQ NEW DRUG, 1HR ER",88.8
IV INFUSION ADDTLSEQ.NEW DRUG 1HR OUTPT.,88.8
IV INFUSION CONCURRENT TX ER,88.8
"IV INFUSION FOR TX OUTPT., UP TO 1 HR",308.4
"IV INFUSION FOR TX, ER UP TO 1HR",308.4
IV INFUSION HYDRATION 31M TO 1HR ER,182.4
IV INFUSION HYDRATION 31M TO 1HR OUTPT.,182.4
IV INFUSION HYDRATION EA ADD HR ER,63.6
IV INFUSION HYDRATION EA ADD HR OUTPT.,63.6
IV INFUSION TX EA ADD HR ER,63.6
IV INFUSION TX EA ADD HR.OUTPT.,63.6
IV PUMP SET,15
IV PUSH SINGLE/INITIAL ER,88.8
IV PUSH SINGLE/INITIAL OUTPT.,106.56
IV SPONGES,1
IV START KIT,3
JANUVIA 100MG TAB,29.02
JEVITY 1.2 LIQUID,18
JEVITY 1.5 LIQUID CAN,5
KANGAROO FEEDING BA,36
KAPPA/LAMBA LIGHT CHAINS,619.2
KAYEXALATE SUSPENSION 15GM/60ML,20.56
KEPPRA,91.2
KEPPRA 500MG/5ML VIAL,60
KETAMINE 50MG/ML INJ,30
KETOROLAC (TORADOL) 10MG TAB,6
KETOROLAC OPHTHALMIC SOLUTION 0.5%,8.85
KETOROLAC TROMETHAMINE 30MG/ML SDV,30
KETOROLAC TROMETHAMINE 60MG/2ML SDV,30
KIDNEY STONE,79.2
KNEE IMMOBILIZERS,123
KNEE IMMOBILIZERS L 16,66
KNEE IMMOBILIZERS XL 20,70
LAB,34
LAB COLLECTION FEE FOR UDS,24
LABETALOL 100MG TAB,6
LABETALOL HCL 5MG/ML INJ MDV,30
LAC 12.6CM-20.0CM (NECK-SCALP-TRUNK-H/F,250
LAC 2.5CM OR LS NECK/HANDS/FEET/EXT GENI,110
LAC 2.5CM/LESS FACE/EAR/NOSE/LIP/EYELID,105
LAC 2.6CM-5.0 SMP FACE/EAR/NOSE/LIP/EYE,125
LAC 20.1CM-30.0 SIMPLE NK/TRK/SCALP/EXT,230
LAC 20.1CM-30.0 SMP SCALP/NK/TRK/EXTREM,300
LAC 5.1CM-7.5 FACE/EARS/NOSE/LIP/EYELID,150
LAC 7.6 CM TO 12.5 CM,140
LAC 7.6-12.5CM SMP EAR/FACE/NOSE/LIP/EYE,180
LAC SIMPLE >30.0CM NECK/TRUNK/HAND/FEET,290
LAC SIMPLE 12.6-20.0CM NK/SCALP/TRK/EXTR,180
LACERATION 5.1 - 7.5CM,240
LACERATION 7.6 - 12.5CM,200
LACERATION OVER 30.0,450
LACERATION TRAY,22
LACOSAMIDE,914.4
LACTATE (LACTIC ACID),205.2
LACTATE DEHYDROGENASE,54
LACTATED RINGERS 1000 ML IV,54
LACTULOSE 10GM/15ML SOLN,6
LAMICTAL,199.2
LANCETS 21G,1
LANTISEPTIC CREAM,29.23
LARGE  LEG BOOT,144
LARY DISPOSABLE PVC MASK AIR 3.0,30
LARY MASK AIR 2.0,28.8
LARY MASK AIR 3.0,29
LARY MASK AIR 4.0,29
LARY MASK AIR 5.0,29
LARYNGOSCOPE CHANNEL DISP BLADE,180
LATANOPROST 0.005% DROP,37.32
LATEX ALLERGY,75
LAYER CLO FACE/LIPS 2.5 CM/LESS,375
LAYER CLO FACE/LIPS 7.6 TO 12.5 CM,528
LAYER CLO SCLP/TRUNK 12.6 TO 20.0,468
LAYER CLO SCLP/TRUNK 2.5 CM/LESS,400
LAYER CLO SCLP/TRUNK 2.6 TO 7.5 CM,306
LAYER CLOS 2.5< SCALP/TRK/EXTR(NO H/F,176
LAYER CLOS 2.6-7.5CM NECK/HDS/FT/GENIT,165
LAYER CLOS 20-30CM TRK/SCLP/EXT=NO HDS/F,300
LAYER CLOS 7.6-12.5CM FACE/EAR/NOSE/EYE,300
LAYER CLOS12.6-20 TRK/SLP/EXTR=NO HDS/F,285
LAYER CLOSURE 2.6-5CM FACE/EAR/NOSE/LIP,210
LAYER CLOSURE WOUNDS,350
LAYER CLOSURE WOUNDS,245
LAYER CLOSURE WOUNDS,370
LAYER LAC 7.6-12.5 TRK/SLP/EXT(NO HDS/FT,340
LAYER LAC 7.6-12.5 TRK/SLP/EXT(NO HDS/FT,190
LEAD,102
LEAD URINE,139.2
"LEAD, CAPILLARY BLOOD",145
LEG BAG,30
LEG BAG 32 OZ TWIST VALVE,5
LEG BAG CONVEEN 21 OZ,26
LEG BAG DISPOZ-A-BAG,6
LEG BAG KIT 32 OZ,60
LEG BAG KIT18 OZ,61
LEG BAG MED STRAP,18
LEG SPLINT ALUMINUM SHORT W/FOAM SMALL,246
LEG STRAPS HOLLISTER,26
LEGA LEGIONELLA ANTIGEN URINE,151.2
LEGIONELLA PNEUMOPHILA ANTIGEN,125
LEVEMIR 100UNITS/ML MDV,14.4
LEVETIRACETAM 500MG TAB,6
LEVIN TUBE 16 FR,3
LEVODOPA,830
LEVOFLOXACIN (LEVAQUIN) 500MG TAB,6
LEVOFLOXACIN/D5W 250MG SOLN,30
LEVOFLOXACIN/D5W 500MG SOLN,30
LEVOFLOXACIN/D5W 750MG SOLN,128.94
LEVOTHYROXINE (SYNTHROID) 137MCG TAB,6
LEVOTHYROXINE SOD 100MCG TAB,6
LEVOTHYROXINE SOD 112MCG TAB,6
LEVOTHYROXINE SOD 125MCG TAB,6
LEVOTHYROXINE SOD 50MCG TAB,6
LEVOTHYROXINE SOD 75MCG TAB,6
LEVOTHYROXINE SOD 88MCG TAB,6
LH,230.4
LIBRIUM 10MG CAPSULES,6
LIDOCAINE 1% - 10MG/ML,30
LIDOCAINE 10MG/ML - 50ML VIAL,30
LIDOCAINE 2% - 20MG/ML,30
LIDOCAINE 2% SYRINGE (100MG/5ML),30
LIDOCAINE 2GM/D5W 500ML (4MG/ML),54
LIDOCAINE HCL 0.02 JELLY,24.78
LIDOCAINE HCL 1% 5 ML SYRN,25
LIDOCAINE/PRILOCAINE (EMLA) 2.5-2.5% CRM,42.3
LIDODERM PATCH 5%,26.4
LIFT SLING MEDIUM,114
LIGHTED EAR CURETTE,7
LIMB HOLDERS PADDED,44
LINCOMYCIN (LINCOCIN) 600MG/2ML,36
LINZESS 145MCG CAP,39
LIP BALM PETRO,4.8
LIPASE,63
LIPID PANEL,100.8
LIPOFIT BY NMR,205
LIPOPRINT PANEL,461
LIPOPROTEIN (a),205
LIPOPROTEIN ELECTROPHORESIS,540
LISINOPRIL 10MG TAB,6
LISINOPRIL 2.5MG TAB,6
LISINOPRIL 20MG TAB,6
LISINOPRIL 5MG TAB,6
LISINOPRIL 5MG TAB,5
LISINOPRIL/HCTZ (ZESTORETIC) 10/12.5MG T,6
LISINOPRIL/HCTZ (ZESTORETIC) 20/12.5MG T,6
LITHIUM,92.4
LITHIUM 300MG CAP,6
LOMOTIL 2.5/0.025MG TAB,6
LOPERAMIDE HCL 1MG/5ML LIQ,6
LOPERAMIDE HCL 2MG CAP,6
LOPRESSOR 100MG TAB,6
LORATADINE 10MG TAB,6
LORATADINE-PSEUDOEPHEDRINE 12HR TAB,6
LORAZEPAM (ATIVAN) 0.5MG TAB,6
LORAZEPAM (ATIVAN) 1MG TAB,6
LORAZEPAM (ATIVAN) 2MG/ML SDV,30
LOSARTAN (COZAAR) 100MG TAB,6
LOSARTAN (COZAAR) 25MG TAB,6
LOSARTAN/HCTZ (HYZAAR) 100/25 MG TAB,6
LOSARTAN-HCTZ (HYZAAR) 100MG/12.5MG TAB,6
LOSARTAN-HCTZ (HYZAAR) 50MG/12.5MG TAB,6
LOTRISONE 1% - 0.05% CREAM,57.1
LOVASTATIN 20MG TAB,6
LOVENOX 100MG/ML SYRINGE,62.4
LOVENOX 120MG/0.8 ML SYRN,39.6
LOVENOX 150MG/ML SYRN,50.4
LOW ABSORPTION PUMP SET,32
LUBRIDERM LOTION,8.57
LYME DISEASE ANTIBODIES,280.8
LYME WESTERN BLOT,280.8
LYME WESTERN BLOT IGG,234
LYME WESTERN BLOT IGM,234
MAGIC MOUTHWASH (MYLAN-BENA-LIDO) 1:1:1,6
MAGNESIUM,54
MAGNESIUM CITRATE 296 ML SOL,6
MAGNESIUM OXIDE 400MG TAB,6
MAGNESIUM SULF/D5W PREMIX : 1GM/100ML,30
MAGNESIUM SULFATE 1GM/2ML SDV,30
MAJOR JOINT INJECTION,375
MALE CONDOM CATH,3
MALE EXTERNAL CATHETER,10
MANIFOLD NEBULIZER,22
MANUAL DIFF,25.2
MASK SIMPLE,17.28
MAXORB 2 ALGINATE WOUND DRESSING 4X4,13
MAXORB CALCIUM AG DRESSING,43
MAXORB EXTRA AG 4X4,18
MAXORB EXTRA AG+ 2X2,18
MAXORB II ALGINATE DRESSING4X8,27.6
MAXORB SILVER ANTIMOCOBIAL ROPE DRESS,32
MAXORBALGINATE 2X3.5,10.8
MECLIZINE HCL 25MG TAB,6
MED RAD SYRINGE,27.6
MED VAGINAL SPECULA,4.08
MEDICARE EKG TRACING ONLY,22
MEDIUM  LEG BOOT,126
MEDROXYPROGESTERONE 2.5MG TAB,6
MEGESTROL ACETATE 40MG TAB,6
MEGESTROL ACETATE 40MG/ML SUSP,6
MELATONIN 3MG TAB,6
MELATONIN 5MG TAB,6
MELOXICAM (MOBIC) 15MG TAB,6
MEMANTINE HCL (NAMENDA) 10MG TAB,14.34
MEPERIDINE (DEMEROL) 100MG INJ,25
MEPERIDINE HCL 25MG/ML SYRINGE,30
MEPILEX 4X4,27
MEPILEX BORDER 6X6,37
MEPITEL 4X7 NON-ADHERENT,70
MERCURY BLOOD,139.2
MERCURY URINE,139.2
MEROPENEM 1GM VIAL,57.42
MERREM 500MG INJ,30
METANEPHRINES & NORMETH,170
METFORMIN (GLUCOPHAGE) 500MG TAB,6
METFORMIN XR (GLUCOPHAGE) 500MG TAB,6
"METHANEPHRINES FRACTIONATED, URINE",96
METHIMAZOLE 10MG TAB,6
METHLMALONIC ACID SERUM,262.8
METHOCARBAMOL (ROBAXIN) 750MG TAB,6
METHOCARBAMOL 500MG TAB,6
METHOTREXATE 2.5MG TAB,6
METHOTREXATE LEVEL,241.92
METHYLPHENIDATE,70
METHYLPREDNISOLONE 4MG DOSE PAK,5
METOCLOPRAMIDE HCL 10MG TAB,6
METOCLOPRAMIDE HCL 10MG/2ML VIAL,30
METOCLOPRAMIDE HCL 5MG/5ML SYRP,6
METOLAZONE 2.5MG TAB,6
METOPROLOL SUCCINATE (TOPROL XL) 25MG,6
METOPROLOL SUCCINATE (TOPROL XL) 50MG,6
METOPROLOL TARTRATE 1MG/ML 5 ML VIAL,30
METOPROLOL TARTRATE 25MG TAB,6
METOPROLOL TARTRATE 50MG TAB,6
METRONIDAZOLE 500MG TAB,6
METRONIDAZOLE 500MG/100ML SOLN,30
MICROALBUMIN (DO NOT USE),50.4
MICROALBUMIN CREATININE RATIO,50.4
MICRON FILTERED EXTENSION SET,9
MIDAZOLAM HCL 2MG/2ML,30
MIDAZOLAM HCL 5MG/ML MDV,30
MIDODRINE 10MG TAB,5
MIDODRINE 5MG TAB,5
MIDSTREAM COLLECTION,3.6
MILK OF MAGNESIA,6
MINERAL OIL ENEMA,6
MINERAL OIL LAXATIVE,7.32
MIRTAZAPINE 15MG TAB,6
MITTENS PAD,105
MOLECULAR DIAGNOSTIC,42
MONISTAT 2% CREAM,8.42
MONO,25.2
MONTELUKAST (SINGULAIR) 10MG TAB,6
MORGAN MEDI-FLOW LENS,171.6
MORPHINE 5MG/ML SYRINGE,25
MORPHINE 8MG/ML SYRINGE,25
MORPHINE ORAL SOLN  20MG/ML -  30ML BOTL,5
MORPHINE SULFATE 15MG ER TAB,9.6
MORPHINE SULFATE 2MG/ML INJ,30
MORPHINE SULFATE 4MG/ML CARP,30
MOVANTIK 25MG TAB,32.9
MRA ABDOMEN W OR WO CONTRAST,"1,864.8"
MRA CAROTIDS W/O,"1,840.8"
MRA CAROTIDS WITH,"1,932"
MRA CAROTIDS WITH AND WITHOUT,"2,887.2"
MRA HEAD WITH CONTRAST,"1,832.4"
MRA HEAD WITHOUT AND WITH CONTRAST,"2,886"
MRA HEAD WO CONTRAST,"1,844.4"
MRA LOWER EXTREMITY WO/O CONTRAST LT,"2,600"
MRA LOWER EXTREMITY WO/O CONTRAST RT,"1,873.2"
MRA NECK W/OUT CONTRAST,"1,932"
MRA NECK WITH CONTRAST,"1,932"
MRI ABD WITH AND WITHOUT CONTRAST,"2,512.8"
MRI ABDOMEN WITH CONTRAST,"2,103.6"
MRI ABDOMEN WO CONTRAST,"2,000"
MRI BRAIN CONTRAST ONLY,"1,951.2"
MRI BRAIN W/WO CONTRAST,"2,451.6"
MRI BRAIN WO CONTRAST,"2,099.52"
MRI CHEST W/O MEDISTERNUM,"1,908"
MRI CHEST W/WOUT CONTRAST,"2,833.2"
MRI CHEST WITH,"2,150.4"
MRI C-SPINE W/O,"1,895.04"
MRI C-SPINE WITH,"1,975.2"
MRI C-SPINE WITH AND WITHOUT,"2,414.4"
MRI FACE/ORBITS/NECK WITH AND WITHOUT,"1,887.6"
MRI JOINT LOWER EXT W/O LT,"2,013.12"
MRI JOINT LOWER EXT WO CONTRAST RT,"2,013.12"
MRI JOINT UPPER EXT WO CONTRAST RT,"1,647.6"
MRI LOWER EXT JOINT WITH AND WITHOUT,"2,370"
MRI LOWER EXT NON JOINT WITH CONTRAST,"2,700"
MRI LOWER EXT NON-JOINT W/O CONTRAST LT,"1,647.6"
MRI LOWER EXT NON-JOINT W/O CONTRAST RT,"1,647.6"
MRI LOWER EXT NOT JOINT W/WO CONTRAST LT,"2,502"
MRI LOWER EXT NOT JOINT W/WO CONTRAST RT,"2,502"
MRI L-SPINE WITH,"2,200"
MRI L-SPINE WITH AND WITHOUT,"2,600"
MRI L-SPINE WITHOUT,"1,800"
MRI ORBIT FACE AND NECK W/,"2,100"
MRI ORBIT FACE NECK WO CONTRAST,"2,600"
MRI ORBITS FACE AND NECK,"1,688.4"
MRI PELVIS W,"1,926"
MRI PELVIS WO CONTRAST,"1,740"
MRI PELVIS WO/W CONTRAST,"2,509.2"
MRI T-SPINE WITH,"1,783.2"
MRI T-SPINE WITH AND WITHOUT,"2,310"
MRI T-SPINE WITHOUT,"1,602"
MRI UPPER EXT JOINT W/O CONTRAST LT,"1,647.6"
MRI UPPER EXT NON JOINT W/O CONTRAST LT,"1,747.2"
MRI UPPER EXT NON JOINT W/O CONTRAST RT,"1,747.2"
MRI UPPER EXT NOT JOINT W/WO CONTRAST LT,"2,500.8"
MRI UPPER EXT NOT JOINT W/WO CONTRAST RT,"2,500.8"
MRSA SCREEN INFECTION,100
MULTAQ 400MG TAB,28
MULTIVIT/MINERALS (A-VITE) TAB,6
MULTIVITAMIN (INFUVITE ADULT) SDV,30
MULTIVITAMIN WITH MINERALS,6
MUMPS ANTIBODY IgG,64.8
MUMPS IGM,109
MUPIROCIN 2% OINT,21.84
MYCOPLASMA PNEUMONIAE ANTIBODY,139.2
MYCOPLASMA PNEUMONIAE ANTIBODY IGG,139.2
MYOGLOBIN,259.2
MYOMARKER PANEL 2,120
MYOMARKER PANEL 2 ASSOCIATED CHARGE,120
MYRBETRIQ 50MG TAB,32.5
N MENINGITIS AYLA,225
N MENINGITIS B,257
N MENINGITIS CW,257
NABUMETONE 500MG TAB,6
NAFCILLIN 1GM INJ,25
NALBUPHINE HCL 20MG/ML AMP,30
NALOXONE HCL 0.4MG/ML VIAL,37.21
NAMENDA XR 28MG CAP,42
NAPROXEN (NAPROSYN) 375MG TAB,6
NAPROXEN 500MG TAB,6
NAPROXEN SODIUM(ALEVE) 220MG TAB,6
NAS AIRWAY 14F,18
NAS AIRWAY 16F,21
NAS AIRWAY 18F,18
NAS AIRWAY 28F,33
NAS AIRWAY 30F,18
NASAL AIRWAY 6.0,18
NASAL AIRWAY 7.0,18
NASAL AIRWAY 8.0,18
NASAL CANNULA 14 ADULT,3.6
NASAL CANNULA 24 INCH,6
NASAL CANNULA 7,2.4
NASAL CANNULA CO2 SAMP,15
NASAL CANNULA PEDIATRIC,9
NASAL CANNULA PEDIATRIC,2
NASAL TRACH TUBE 7.5,19
NASAL TRACH TUBE5.5,6
NASO AIRWAY 28,20.4
NASOGASTRIC FEEDING TUBE 10 FR DOBHOFF,116.4
NASOGASTRIC FEEDING TUBE 12 FR DOBHOFF,117.6
NASONEX 0.05MG/ACTUATION NASAL SPRAY,510.37
NEBIVOLOL (BYSTOLIC) 5MG  TAB,12.25
NEBIVOLOL (BYSTOLIC) 5MG TAB,7.04
NEBULIZER ADAPTOR,21
NEBULIZER MISTY,7
NEBULIZER SET 7 INCH TUBING,3
NEBULIZER SET PEDI,9
NEBULIZER SET WITH TEE,7
NEBULIZER SUBSQT,66
NEBULIZER TX INITIAL,185
NEEDLELESS CONNECTOR,10
NEOMYCIN / POLYMYX / BACITR OPH OINT,98.4
NEOMYCIN/POLYMYXIN/GRAMICIDIN OPTH DROPS,150.73
NEOMYCIN-POLY-DEXAMETH OPH OINT,48
NEOSPORIN OPTH OINTMENT,175.03
NEO-SYNEPHRINE 1% NASAL SPARY,15.6
NEURONTIN,266.4
NEW PATIENT VISIT LEVEL 5,550.8
NEXIUM 40MG CAPS,23.52
NEXPLANON (ETONOGESTREL IMPLANT) 68MG,"1,780.2"
NG TUBE STABILIZER,1.5
NICOTINE 14MG/24HR PATCH,6
NICOTINE 21MG/24HR PTCH,6.3
NICOTINE 7MG/24HR PATCH,14.71
"NICOTINE, SERUM",210
"NICOTINE, URINE",70
NIFEDIPINE 30MG XL TAB,6
NIFEDIPINE XL 90MG TAB,6
NITRO TD PATCH 0.4MG/HOUR,5
NITROFURANTOIN 50MG CAP,6
NITROFURANTOIN MACROCR 100MG CAP,7.74
NITROGLYC (NITRO-BID)2%OINT 1 INCH CHARG,6
NITROGLYCERIN (NITRO-BID) 2% OINT,70.32
NITROGLYCERIN (NITROSTAT) 0.4MG TAB,6
NITROGLYCERIN (NITROSTAT) 0.4MG TAB BOTT,27.24
NITROGLYCERIN 0.1MG/HR PTCH,5
NITROGLYCERIN 0.2MG/HR PTCH,5
NITROGLYCERIN 0.4MG/HR PTCH,5
NITROGLYCERIN 0.6MG/HR PTCH,5
NITROGLYCERIN 50MG/10ML INJECTION,30
NITROGLYCERIN INFUSION PUMP SETS,72
NITROGLYCERIN/D5W 50MG/250ML BTL,31.98
NITROGYYCERIN INFUSION PUMP,60
NITROPRUSSIDE 25MG/ML SDV,219.78
NIZORAL (KETOCONAZOLE) SHAMPOO,33.91
NIZORAL 2% (KETOCONAZOLE) CREAM,17.06
NON ADHERENT PAD 2X3,1.2
NON ADHERENT PAD 3X4 STERILE,10
NON ADHERENT PAD 3X8,1
NON ADHESIVE SUPER ABSORBENT WOUND DRESS,14
NONE REBREATHING MASK INFANT,11
NOREPINEPHR (LEVOPHED) 1MG/ML SDV,30
NOREPINEPHRINE 4MG/4ML INJ,30
NORMAL SALINE 0.9% - 20MEQ KCL 1000ML,54
NORMAL SALINE 0.9% 100 ML SOLN,30
NORMAL SALINE 0.9% 1000ML SOLN,54
NORMAL SALINE 0.9% 10ML,30
NORMAL SALINE 0.9% 250ML SOLN,30
NORMAL SALINE 0.9% 3ML INH,6
NORMAL SALINE 0.9% 500 ML SOLN,54
NORMAL SALINE 0.9% 50ML MINI BAG,30
NORMAL SALINE 0.9% ADVAN - 50ML,30
NORMAL SALINE 100ML ADD-VANTAGE,30
NORMAL SALINE FLUSH 0.9% 10ML SYRN,6
NORTRIPTYLINE,67.2
NORTRIPTYLINE 25MG CAP,6
NOSE BLEED TRAY,37
NOVOLIN INSULIN 70/30 - 10 UNITS,2.4
NOVOLIN N INSULIN 100UNITS/ML,2.4
NOVOLOG MIX 70/30 - 10 UNITS,2.4
NPWT < 50 SQ CM WOUND VAC APPL,140.4
NPWT > 50 SQ CM WOUND VAC APPL,150
NS 100ML IVPB,37.51
NS 250CC ADD-VANT,26.4
NS 50ML IVPB,21.89
NT SUCTION PROCEDURE,115
NUBAIN 10 MG/ML INJECTION,25
NUBAIN 10MG/ML INJECTION,30
NUNS CAP,3
NYSTATIN (MYCOSTATIN) CREAM 15 GM,42.24
"NYSTATIN (NYSTOP) 100,000 UNITS/GM PWDR",36
NYSTATIN 100000U/GM OINT 15GM,45
NYSTATIN 100MU/GM OINT 30GM,28.92
NYSTATIN 100MU/ML SUSP 60ML,29.22
NYSTATIN/TRIAMC 100MU-0.1%/GM CRM,222
O2 PER HOUR,38.16
OB PACK,130
OBS DIRECT ADMIT,216
OBSERV ROOM HRLY,28.8
OCCULT BLD #1 COLORECTAL NEO SCREENING,57.6
OCCULT BLD #1 GI BLEED/ANEMIA,57.6
OCCULT GASTRIC (SEND OUT 82271),31.68
OCL SPLINT ROLL 3,1.8
OCL SPLINT ROLL 4,3.6
OCL SPLINT ROLL 6,4.8
OCP,180
OCUVITE TAB,2.5
OCUVITE TAB,6
ODOR DROPS COLOSTOMY BAG,19
OFFIC/OUTPT E&M ESTAB 5 MIN,124.8
OFIRMEV 1000MG/100ML INJ,115
OLANZAPINE (ZYPREXA),370
OLANZAPINE (ZYPREXA) 5 MG TAB ODT,6.9
OLOPATADINE (PATADAY) OPTH SOLN 0.2%,584.42
OMEGA 3 - ACID ETHYL ESTERS (LOVAZA) 1GM,6.98
OMEPRAZOLE 20MG CAP,6
OMEPRAZOLE 40MG CAP,6
OMNICEF 125MG/5ML ORAL SUSPENSION,76.97
OMNIPAQUE 300,33.6
OMNISCAN 20mL,120
OMT 1-2 REGIONS,20
OMT 1-2 REGIONS,20
OMT 3-4 REGIONS,30
ONDANSETRON 4MG ORAL DISINTEGRATING TAB,6
ONDANSETRON 4MG TABS,6
ONDANSETRON 8MG ORAL DISINTEGRATING TAB,6
ONDANSETRON HCL 4MG/2ML VIAL,30
ONDANSETRON ORAL SOLN 4MG/5ML,6
ONE DAILY VITAMINS (ONE-A-DAY),6
ONFI 10MG TAB,50.13
ONGLYZA 2.5MG TAB,34
OPIATE CONFIRM,300
OPIATES CONFIRM,331.2
OPITOFAM BASIC 3X3,6
OPTICELL AG,38
OPTIFOAM,32
OPTIFOAM GENTLE,14
ORAL TRACH TUBE 2.5,10
ORPHENADRINE 100MG TAB,5
ORPHENADRINE 60MG /2ML INJ,30
OSELTAMIVIR (TAMIFLU) 6MG/ML SUSP,59.95
OSELTAMIVIR PHOS (TAMIFLU) 75MG CAP,36
OSMOLALITY BLD,108
OSMOLALITY URINE,84
OSMOLITE 1.2 LIQUID,5
OSMOLITE 1.5 LIQUID,5
OT APPLIC MODAL 1/> AREAS ELEC STIM,64.8
OT APPLIC MODAL 1/> AREAS IONTOPHORES,105.6
OT APPLIC MODAL 1/> AREAS PARAFN BATH,168
OT APPLIC MODAL 1/> AREAS ULTRASOUND,43.2
OT COGNITIVE SKILLS DEVELOPMENT (WC),91.2
OT COMMUNITY TRAIN-1 ON 1-EA 15 MIN,168
OT EVAL >5 PERFORMANCE DEFICITS,220
OT EVAL 1-3 PERFORMANCE DEFICITS,220
OT EVAL 3-5 PERFORMANCE DEFICITS,220
OT GROUP THERAPY,63.6
OT HIP KIT SPECIAL 8,108
OT MAN THER TECK-1/>REGIONS-EA 15 MIN,100.8
OT NEURO RE-ED,112.8
OT ORTHOTICS FIT-TRAIN UP/LOW-15 MIN,315
OT PHYS PERFMNCE TEST/MEASUR W/REPORT,180
OT PROSTH TRAIN-UP/LOW EXTRM EA 15 MIN,315
OT RE-EVAL,145
OT SELECTIVE DEBRIDEMENT <20 CM,204
OT SELECTIVE DEBRIDEMENT >20 CM,176.4
OT SELF CARE TRAIN-1 ON 1-EA 15 MIN,116.4
OT SELF CARE TRAIN-1 ON 1-EA 15 MIN,116.4
OT SENSORY,144
OT SENSRY INTEGRAT TECH-1:1-EA 15 MIN,192
OT THERAP 1/> AREA </ 15 MIN EXER,108
OT THERAP 1/> AREAS/15 MIN EXERCISES,108
OT THERAP ACTIVITIES 1-ON-1 EA 15 MIN,116.4
OT THERAP PROC(S)-GROUP,108
OT VASOPNEUMATIC DEVICES,84
OT WHEELCHAIR MGMT TRAIN-EA 15 MIN,103.2
OT WORK HARDENING/CONDITION EA ADD HR,168
OT WORK HARDENING/CONDITION INIT 2 HR,315
OT WOUND VAC < 50 SQ EM,432
OT WOUND VAC > 50 SQ EM,576
OUTPATIENT VISIT LEVEL 1,171.6
OUTPATIENT VISIT TB READ,41
OXCARBAZAEPINE,79.02
OXCARBAZEPINE (TRILEPTAL) 150 MG TAB,6
OXY CONFIRM,300
OXYBUTYNIN CHLORIDE 5MG TAB,6
OXYBUTYNIN ER 5MG TAB,5
OXYCODONE,331.2
OXYCODONE (OXYCONTIN) 10MG CR TAB,6.7
OXYCODONE 30MG TABS,6
OXYCODONE 5MG TAB,5
OXYCODONE IR 5MG TAB,6
OXYCODONE/ACETAMIN 10-325MG TAB,5
OXYCODONE/ACETAMIN 5-325MG TAB,6
OXYGEN INITIAL/SETUP,31.2
OXYGEN SATURATION,50.4
OXYGEN TEE ADAPTER,36
OXYGEN TUBING,6
OXYGEN TUBING 14,9
OXYGEN TUBING 15,6
OXYGEN TUBING 7,1.5
OXYMETAZOLINE HCL 0.05% NASAL SPRAY,6
OXYTOCIN (PITOCIN) 10U/ML MDV,30
PACKING STRIP 1',12
PACKING STRIP 1/2,24
PACKING STRIP 1/4,16.8
PADDED LARGE LEFT SPLINT,21
PADDED LARGE RIGHT SPLINT,21
PADDED MEDIUM LEFT SPLINT,21
PADDED MEDIUM RIGHT SPLINT,21
PAIN RELIEVING MUSCLE CREAM,6
PALIPERIDONE 9MG TAB,93.3
"PANCREATIC ELASTASE, FECAL",630
PANTOPRAZOLE (PROTONIX IV) 40MG IV,30
PANTOPRAZOLE SODIUM 40MG TAB,6
PARANEOPLASTIC AUTOANTIBODY EVALUATION,859.7
PARATHYROID HORMONE,64.8
PARICALCITOL 1MCG CAP,13.8
PARIETAL CELL ANTIBODY,531.6
PAROXETINE HCL 20MG TAB,6
PARVOVIRUS B19 IGM,255.6
PATH REVIEW SMEAR (HEMATOLOGY CONSULT),63
PEAK FLOW METER,58.8
PED ELECTROLYTE 1000 ML ORAL SOLN,30
PEDI CENTRAL VENOUS CATH,450
PEDI ENDO TRACH TUBE HOLDER,18
PEDI NEBULIZER SET,7
PEDI URINE COLLECTOR,5
PEDI UROSTOMY,9
PEDIALYTE BOTTLE,4.62
PEDIATRIC CATH KIT,12
PEDIATRIC OXGEN MASK,4
PEDIATRIC sPo2 SENSOR,92
PEDIATRIC sPo2 SENSOR,111.6
PEEP VALVE,25.2
PENICILLIN (BICILLIN L-A)1.2MMU/2ML,474
PENICILLIN V POTASSIUM 500MG TAB,6
PEP DEVICE R/T,81
PEPTAMEN 1.5,16.95
PEPTO BISMOL TABS 262MG,6
PERFORMANCE TUBING 6 INCH,63
PERMETHRIN CREAM 5% 60GM,246
PETROLATUM DRESSING 3X9,4.8
PF ACTIVE WOUND MGMT (NON-SEL DEBRI),115.2
PF ACUTE CARE MODERATE,222
PF ACUTE DISCHARGE LEVEL I,150
PF ACUTE DISCHARGE LEVEL II,180
PF ACUTE HIGH SEVERITY,276
PF ACUTE INITIAL LEVEL I,180
PF ACUTE INITIAL LEVEL II,210
PF ACUTE INITIAL LEVEL III,240
PF ACUTE SUBSEQUENT LEVEL I,90
PF ACUTE SUBSEQUENT LEVEL II,120
PF ACUTE SUBSEQUENT LEVEL III,150
PF APPLICATION LONG LEG SPLINT,162
PF APPLICATION LOWER LEG SPLINT,144
PF APPLICATION OF FINGER SPLINT,90
PF APPLY FOREARM SPLING,138
PF APPLY LONG ARM SPLING,360
PF CARDIOPULMONARY RESUSCITATION,480
PF CHANGE OF GASTROSTOMY TUBE,260
PF Chemical Cauterization of grain tissu,170
PF CLO LACERATION MOUTH 2.5 CM/LESS,456
PF CLO LACERATION MOUTH GT2.5/COMPLX,600
PF CLO TX SHLDRDOSLOC W/MANIP WO ANES,470.4
PF CLOSED TX FEMORAL SHAFT FX,"1,068"
PF CLOSED TX GREATER HUMERAL,522
PF CLOSED TX OF METACARPAL RX W/MANI,438
PF CLOSED TX OF METACARPAL W/O MANI,480
PF CLOSED TX OF NASAL BONE FRACT W/O STA,360
PF CLOSED TX OF STERNUM FRACTURE,390
PF CLOSED TX PROXIMAL (HUMERUS FX),648
PF CONTROL NASAL HEMMORAGE POSTERIOR,390
PF CONTROL NASAL HEMMORRHAGE ANTERIOR CO,300
PF CRITICAL CARE E&M 1ST 30-74 MINUTES,"1,024.8"
"PF CRITICAL CARE, EACH ADDTL 30 MIN",338.4
PF DEBRIDE SUBQ TISSUE EA ADDTL 20 CM,140.4
"PF DEBRIDE, BONE ADDITONAL 20 CM",411.6
"PF DEBRIDE, BONE FIRST 20 CM",246
"PF DEBRIDE, DEV TISSUE DERMIS AND OR EPI",252
"PF DEBRIDE, DEVITALIZED TISSUE",82.8
"PF DEBRIDE, MUSCLE/FASCIA",769.2
"PF DEBRIDE, MUSCLE/FASCIA ADDITIONAL 20",246
"PF DEBRIDE, SUBQ TISSUE",390
PF DESTRCT-ANY METHD-BEN LES WIANE 1,132
PF DRAINAGE OF HEMATOMA/FLUID,288
PF DRAINAGE OF SKIN ABSCESS,350
PF DRAWING BLOOD,18
PF ECG-24 HR W/SCAN RECORDING,202.8
PF EMER DEPT VISIT E&M MODERATE Q6,180
PF EMER DEPT VISIT E&M MODERATE SEVER,180
PF EMER VISIT E&M LOW-MODERAT Q6,120
PF EMER VISIT E&M LOW-MODERAT SEVERITY,120
PF EMER VISIT E&M SELF LIMITED Q6,65
PF EMER VISIT E&M SELF LIMITED/MINOR,65
PF EMER VISIT E&M SEVER URGENT EVAL,340
PF EMER VISIT E&M SEVERE URGENT Q6,340
PF ER E&M HIGH SEVERITY/ THREAT Q6,500
PF ER E&M SEVERITY SIGNIF THREAT,500
PF ESTABLISHED PATIENT VISIT 1 WC,67.2
PF ESTABLISHED PATIENT VISIT 2 WC,144
PF ESTABLISHED PATIENT VISIT 3 WC,242.4
PF EXCISION LESION FCE/LP/EAR/NS 1.1-2CM,383
PF EXCISION ML LSN SLP/NK/HDS/FT 1.1-2CM,523
PF GASTRIC INTUBAT & ASPIR/LAVAGE-TX,164.4
PF I&D ABSCESS SIMPL/SNGL,300
"PF I&D OF HEMATOMA, SEROMA OR FLUID COLL",542.05
PF INCISION OF WINDPIPE,540
PF INSERT BLADDER CATHETER,48
PF INSERT EMERGENCY AIRWAY,270
PF INSERT NON-TUNNEL CV CATH,672
PF INSERT TEMP BLADDER CATHETER,54
PF IO INSERTION,200
PF IRRIGATION/FLUSH VAD/PICC,125
PF LAYER CLO FAC/LIP/EAR/NOS 2.5 CM/LESS,526
PF LAYER CLO FACE/LIPS 7.6 TO 12.5 CM,600
PF LAYER CLO NECK/FT/GENIT 12.6-20.0,416.4
PF LAYER CLO NECK/FT/GENIT 2.5 CM/LESS,228
PF LAYER CLO NECK/FT/GENIT 2.6 TO 7.5,280.8
PF LAYER CLO NECK/FT/GENIT 20.1-30.0,624
PF LAYER CLO NECK/FT/GENIT 7.6-12.5,342
PF LAYER CLO SCLP/TRUNK 12.6 TO 20.0,732
PF LAYER CLO SCLP/TRUNK 2.5 CM/LESS,400
PF MAJOR JOINT INJ - HIP/KNEE/SHOULDER,250
PF NEW PATIENT VISIT LEVEL 3 WC,358.8
PF NEW PT VISIT LEVEL 2,79.2
PF NEW PT VISIT LEVEL 4,550.8
PF NON-ROUTINE BL DRAW}3 YRS,42
PF OBS OR INPATIENT CARE DC ON SAME DAY,601.2
PF OBS OR INPATIENT CARE SAME DAY ADM/DC,748.8
PF OBS OR INPATIENT DC ON SAME DAY AS AD,458.4
PF OBSERVATION ADMIT LEVEL I,120
PF OBSERVATION ADMIT LEVEL II,150
PF OBSERVATION ADMIT LEVEL III,180
PF OBSERVATION DISCHARGE,120
PF PF STRAPPING OF HAND OR FINGER,114
PF PHYSICAIN VENIPUNCT UNDER 3 YEARS,30
PF PUNCTURE DRAINAGE OF LESION,240
"PF REM. OF IMP. CERUMEN, IRR/LAVAGE, UNI",75
PF REMOV FB INTRANASAL OFFIC PROC,456
PF REMOVAL IMPACTED CERUMEN REQ. INSTRUM,98
PF REMOVAL OF ARM FOREIGN BODY,432
PF REMOVAL OF FOOT FOREIGN BODY,450
PF REMOVE FB EYE CONJUNCTIVAL SUPERFICIA,120
PF REMOVE FB EYE W/O SLIT LAMP,120
PF REMOVE FB EYE W/SLIT LAMP,156
PF REMOVE FOREIGN BODY,288
PF REMOVE FOREIGN BODY,534
PF REMOVE SHOULDER FOREIGN BODY,468
PF REPAIR COMP HD/CHK/CHN/HDS/FT/MO <2.5,786
PF REPR COMPLX LIDS/LIPS 2.6-7.5 CM,"1,062"
PF REPR COMPLX SCLP/EXTREM 1.1-2.5 CM,405.6
PF REPR COMPLX SCLP/EXTREM 2.6-7.5 CM,613.2
PF REPR LACERAT 2.5 C/LESS POST TONGU,480
PF REPR LACERAT 2.5 COM/LESS ANT TONGUE,396
PF RESET DISLOCATED JAW,198
PF SB DISCHARGE LEVEL I,120
PF SB DISCHARGE LEVEL II,150
PF SB INITIAL LEVEL I,120
PF SB INITIAL LEVEL II,150
PF SB INITIAL LEVEL III,240
PF SB SUBSEQUENT LEVEL III,108
PF SB SUBSEQUENT LEVEL IV,210
PF SIMPL REPR FACE/MUCOUS 2.5/LESS,180
PF SIMPL REPR FACE/MUCOUS 2.6-5.0 CM,213.6
PF SIMPL REPR FACE/MUCOUS 7.5-12.5 CM,343.2
PF SIMPL REPR SCLP/TRUNK 2.6-7.5 CM,240
PF SIMPL REPR SCLP/TRUNK 2/5 CM/LESS,180
PF SIMPL REPR SCLP/TRUNK 20.1-30.0 CM,420
PF SIMPL REPR SCLP/TRUNK 7.6-12.5 CM,396
PF SIMPL REPR SCLP/TRUNK OVER 30.0 CM,513.6
PF STRAPPING OF ANKLE,84
PF STRAPPING OF CHEST,120
PF STRAPPING OF ELBOW OR WRIST,114
PF STRAPPING OF KNEE,120
PF STRAPPING OF SHOULDER,138
PF SUBSEQUENT OBS CARE,348
PF SUBSEQUENT OBS CARE 15MIN BEDSIDE,64.8
PF SUBSEQUENT OBS CARE 25MIN AT BEDSIDE,172.8
PF SUBSEQUENT OBSERVATION CARE,106.8
PF SUTURE INT SCALP/TRUNK/EXT 7.6-12.5CM,550
PF TREAT,576
PF TREAT ANKLE DISLOCATION,732
PF TREAT CLAVICLE DISLOCATION,450
PF TREAT CLAVICLE FRACTURE,432
PF TREAT FRACTURE OF RADIUS,522
PF TREAT FRACTURE OF ULNA,510
PF TREAT HUMERUS FX CLOSED EPICONDYLAR,624
PF TREAT HUMERUS FX CLOSED HUMERAL SHAFT,690
PF TREAT KNEE FRACTURE,792
PF TREAT KNEECAP FRACTURE,636
PF TREAT SHOULDER BLADE FX,456
PF TREAT SHOULDER BLADE FX,456
PF TREAT SHOULDER DISLOCATION,618
PF TREAT THUMB DISLOCATION,732
PF TREATMENT EYE SOCKET FRACTURE,336
PF TREATMENT LOWER JAW FRACTURE,864
PF TREATMENT OF BURN(S),180
PF TREATMENT OF HEEL FRACTURE,498
PF TREATMENT OF NOSE FRACTURE,234
PF TREATMENT OF TIBIA FRACTURE,690
PF TX OF THIGH CLOSED FX,"1,080"
PF VAG DELIV ONLY,"1,860"
PFT FILTER,7
PH BODY FLUID EX BLD,21.6
PHENAZOPYRIDINE (PYRIDIUM) 100MG TAB,6
PHENAZOPYRIDINE HCL 200MG TAB,6
PHENERGAN 50 MG/2ML INJECTION,16
PHENOBARBITAL,67.2
PHENOBARBITAL 32.4MG TABS,6
PHENOL 1.4% SPRAY,8.5
PHENYTOIN 125MG/5ML SUSP,6
PHENYTOIN SOD EXTENDED 100MG CAP,6
PHENYTOIN SODIUM 250MG/5ML SDV,30
PHENYTOIN TOT,58.8
PHOSPHA  NEUTRAL 250MG CAP,5
PHOSPHATASE ALKALINE,30
PHOSPHORUS,21
PHOSPHORUS URINE,30
PICC PLUS,35
PILLOWS DISPOSABLE,7
PINK TAPE,19
PINK TAPE  2INCH,43
PINWORM PREP,180
PIOGLITAZONE (ACTOS) 15 MG TAB,8.55
PIPERAC/TAZO (ZOSYN) 2.25GM VIAL,30
PIPERAC/TAZO (ZOSYN) 3.375GM VIAL,30
PIPERACILLIN-TAZOBACTAM 3.375GM ADD-VAN,25
PISTON IRRIGATION SYRINGE,3
PKU PHENYLALANINE & TYROSINE,270
PLATELET COUNT,48
"PLATELETS, PHERESIS LEUKOREDUCED","2,160"
PLEUR EVAC,202.8
PNEUMONIA  VACC/PNEUMOVAX 23,270
PNEUMONIA VACC. PREVNAR 13,530.58
"POLIOVIRUS ANTIBODIES (TYPE1,3)",250
"POLIOVIRUS ANTIBODIES (TYPE1,3)",250
POLYETHYLENE GLYCOLE 17 GM DOSE,6
POLYETHYLENE GLYCOLE 17 GM DOSE,6
POLYSPORIN OPTH OINTMENT,35.46
PORPHYRIN FRAC UR 24 HR,227.16
PORPHYRIN FRACTIONED URINE QUANT/FRACT,341
PORPHYRIN TOTAL SERUM,199.2
PORT ACCESS INFUSION SET,34
PORT CAP (RED),2
POST OP SHOE,31.2
POTASS CL (KLOR-CON M10) 10MEQ TAB,6
POTASS CL (KLOR-CON M20) 20MEQ TAB,6
POTASSIUM AS GLUCONATE 99MG,6
POTASSIUM CHLORIDE / NS IVPB: 20MEQ/100M,30
POTASSIUM CHLORIDE 10MEQ IN 100ML BAG,25
POTASSIUM CHLORIDE 20MEQ/10ML SDV,30
POTASSIUM CHLORIDE 20MEQ/15ML LIQ,6
POTASSIUM CHLORIDE 40MEQ INJ - 100ML BAG,30
POTASSIUM CHLORIDE 40MEQ/30ML LIQ,6
POTASSIUM SERUM,50.4
POTASSIUM URINE,64.8
POVIDONE IODINE 10% SOLUTION,6
POWDER ADAPT STOMA,32
POWDER ADAPT STOMA,33
PRADAXA 75MG CAP,18
PRAMIPEXOLE (MIRAPEX) 0.125MG TAB,6
PRAMIPEXOLE (MIRAPEX) 0.25MG TAB,6
PRAVASTATIN SODIUM 20MG TAB,5
PRAVASTATIN SODIUM 40MG TAB,6
PREALBUMIN,237.6
PREDNISOLONE 15MG/5ML SOLN,6
PREDNISOLONE ACETATE OPHTHALMIC 1%,22.64
PREDNISONE 10MG TAB,6
PREDNISONE 20MG TAB,6
PREDNISONE 5MG TAB,6
PREGABALIN (LYRICA) 100MG CAP,14.94
PREGABALIN (LYRICA) 50MG CAP,12.42
PREGABALIN (LYRICA) 75MG CAP,13.34
"PREGNANCY, SERUM",29.4
"PREGNANCY, URINE",25.2
PREMARIN 0.3MG TAB,14.4
PREMARIN 0.625MG TAB,18
PREMPRO 25/.625 MG TAB,11.4
PREPARATION H OINTMENT 2 OZ,6.5
PRESSURE INFUSION BAG,49
PREVACID 30MG CAPSULES,6
PREVENTIVE COUNSELING/15 MINUTES,60
PRIMARY SET,39
PRIMIDONE (MYSOLINE) 250MG TAB,6
PRIMIDONE (MYSOLINE) 50MG TAB,6
PRO STAT LIQUID PROTEIN,6
PROBENECID 500MG TAB,5
PROCAINAMIDE W/METABOLITES,66
PROCALCITONIN,350
PROCHLORPERAZINE (COMPAZINE) 10MG TAB,5
"PROCRIT 40,000 UNITS/ML SDV","1,595"
PROGESTERONE,57.6
PROLACTIN,237.6
PROLIA 60MG/ML INJECTION,"2,200"
PROMETHA (PHENERGAN) 12.5MG SUPP,10.38
PROMETHA (PHENERGAN) 25MG SUPP,10.38
PROMETHAZINE (PHENERGAN) 25MG TAB,6
PROMETHAZINE (PHENERGAN) 25MG/ML SDV,30
PROMETHAZINE (PHENERGAN) 50MG/ML INJ,30
PROMETHAZINE DM SYRUP (6.25MG-15MG),6
PROMOGRAN,53
PROPAFENONE HCL 150MG TAB,6
PROPOFOL INJ 1GM/100ML BOTTLE,35
PROPRANOLOL 10MG TAB,6
PROPRANOLOL HCL 1MG/ML SDV,30
PROPRANOLOL HCL 20MG TAB,6
PROPRANOLOL LA (INDERAL) 120MG CAP,6
PROPRANOLOL LA (INDERAL) 60MG CAP,6
PROPRANOLOL LA (INDERAL) 80MG CAP,6
PROPYTHIOURACIL 50MG TAB,6
PROSTATE SPEC ANTIG TOT,84
PROTAMINE SULFATE 10MG/ML 25ML VIAL,76.2
PROTEIN BODY FLUID,21
PROTEIN C ACTIVITY,288
PROTEIN S,162
PROTEIN TOTAL SERUM,60
PROTEIN URINE (RANDOM),64.8
PROTHROMBIN DNA,"1,416"
PROTHROMBIN TIME,86.4
PROTONIX 20MG TAB,5
PROVIGIL 100MG TAB,5.75
PSA DIAGNOSTIC,100.8
PSA SCREENING,100.8
"PSA, FREE & TOTAL",24
PSY EVALUATION,150
PSY GROUP THERAPY IOP,420
PSY IND THERAPY (45MIN),165
PSY INDIVIDUAL THERAPY (30MIN),150
PSY MEDICATION CHECK,90
PT APPLIC MODAL 1/> AREAS ELEC STIM 15MI,64.8
PT APPLIC MODAL 1/> AREAS IONTOPHORES,105.6
PT APPLIC MODAL 1/> AREAS PARAFN BATH,108
PT APPLIC MODAL 1/> AREAS TRACTN-MECH,168
PT APPLIC MODAL 1/> AREAS ULTRASOUND,43.2
PT EVAL >5 PERFORMANCE DEFICITS,226
PT EVAL 1-3 PERFORMANCE DEFICITS,226
PT EVAL 3-5 PERFORMANCE DEFICITS,226
PT GROUP THERAPY,96
PT MAN THER TECK-1/> REGIONS-EA 15 MIN,100.8
PT NEURO RE-ED,112.8
PT ORTHOTICS FIT-TRAIN UP/LOW-15 MIN,315
PT PROSTH TRAIN-UP/LOW EXTRM EA 15 MIN,192
PT RE- EVAL,153
PT SELECTIVE DEBRIDEMENT <20 CM,220.5
PT SELECTIVE DEBRIDEMENT >20CM EA ADD 20,220.5
PT SELF CARE TRAIN-1 ON 1-EA 15 MIN,116.4
PT SENSORY,144
PT THERAP 1/> AREAS/15 MIN EXERCISES,108
PT THERAP 1/> AREAS/15 MIN GAIT TRAIN,96
PT THERAP ACTIVITIES 1-ON-1 EA 15 MIN,116.4
PT WHEELCHAIR MGMT TRAIN-EA 15 MIN,103.2
PT WORK HARDENING/CONDITION EA ADD HR,168
PT WORK HARDENING/CONDITION INIT 2 HR,315
PT WOUND VAC < 50 SQ EM,432
PT WOUND VAC > 50 SQ EM,576
PT. BENEFIT DOCUMENT CHARGE,10
PTT,58.8
PTT SUBSTITUTION,99
PULMICORT 0.25MG/2ML,21.6
PULMONARY FUNCTION TEST,115.2
PULMONARY STRESS TEST,110
PUMP SET BAXTER ER,15
PUNCH BIOPSY DISP 3MM,4.8
PUNCH BIOPSY DISP 4MM,4.8
PUNCH BIOPSY DISP 5MM,4.8
PUNCH BIOPSY DISP 6MM,4.8
PUNCTURE DRAINAGE OF LESION,240
PURACOL 2X2,14.4
PVC FEEDING TUBE  5FR,4
Q-FEVER ONLY IgG (COXIELLA BURNETII),464.4
QUANTIFERON TB GOLD (PRE-EMPLOYMENT),198
QUANTITATIVE IMMUNOGLOBULINS,234
QUETIAPINE 300MG TAB,6
QUETIAPINE FUM (SEROQUEL) 25MG TAB,6
QUETIAPINE FUMARATE 100MG TAB,6
QUETIAPINE XR(SEROQUEL) 300MG TAB,48.44
QUIK-COMBO ADULT,181
QUIK-COMBO PEDI,312
QUINAPRIL HCL 20MG TAB,6
QVAR 80MCG ORAL INHALER,615.9
RABEPRAZOLE (ACIPHEX) 20MG TABLET,6
RACEPINEPHRINE 2.25% INH SOLN,6
RAD FEE COCCYX,24.25
RALOXIFANE (EVISTA) 60MG TAB,18.22
RAMIPRIL 10MG CAP,5
RAMIPRIL 2.5MG CAP,6
RAMIPRIL 5MG CAP,5
RANDOM URINE CREATININE,49.2
RANITIDINE HCL (ZANTAC) 150MG TAB,6
RANITIDINE HCL (ZANTAC) 50MG / 2ML INJ,30
RANITIDINE SYRUP 75MG/5ML,6
RANOLAZINE (RANEXA) 500MG TAB,13.44
RAPAFLO 4MG CAP,22.85
RAPE KIT,266.4
RBC CELL COUNT F,120
RBC COUNT,24
RED RUBBER CATHETER COUDE 16FR,14
REM FOREIGN BODY/,130
"REM.IMP.CER/LAVAGE, UNILATERAL",31
REMO FOREIGN BODY MUSCLE,128
REMOV FB INTRANASAL OFFIC PROC,127.2
REMOV FOREIGN BODY/FOOT=SUBCUT,325
REMOV/FECAL IMPAC FO,130
REMOV/FOREIGN/BODY/P,130
"REMOVAL DRUG IMPLANT, NEXPLANON",790
REMOVAL F O EYE MAGNETIC,45
REMOVAL F/B FOREARM / WRIST,85
REMOVAL FB EYE NONMAGNETIC,40
REMOVAL FOREIGN BODY,70
REMOVAL FOREIGN BODY-HAND,95
REMOVAL IMPACTED CERUMEN REQ. INSTRUMENT,132
REMOVAL OF ARM FOREIGN BODY,432
REMOVAL OF EMBEDED FOREIGN BODY,125
REMOVAL OF FOREIGN B DEEP/COMPLICATED,275
"REMOVAL OF FOREIGN BODY, FOOT",984
"REMOVAL OF IMP. CERUMEN, LAVAGE UNI",95
REMOVAL OF NAIL,240
REMOVAL OF SKIN TAG UP TO 15,180
REMOVAL OF SKIN TAGS-ADDIT->15,40
REMOVAL OF SKIN TAGS-UP TO 15,250
REMOVAL/FULL ARM OR,85
REMOVE FOREIGN BODY COMPLICATED,"1,890"
REMOVE FOREIGN BODY SUBQ,288
REMOVE SHOULDER FOREIGN BODY,984
RENAGEL 800MG TAB (SEVELAMER),25.98
RENAL,145
RENAL FUNCTION PANEL,129.6
RENIN,154.8
REPAIR COMP 1.0CM < NOSE/EAR/LIP/EYELID,280
REPAIR COMP 1.1-2.5CM NOSE/EAR/LIP/EYELI,340
REPAIR COMP 2.6-7CM EAR/LIP/NOSE/EYELID,500
REPAIR COMP F HEAD/CHEEK/CHIN/HDS/FT/MOU,275
REPAIR COMP HD/CHK/CHN/HDS/FT/MO 1.1-2.5,786
REPAIR COMPLEX 1.1-2.5 ARM/LEG/SCALP,230
REPAIR COMPLEX 1.1-2.5CM TRUNK,210
REPAIR COMPLEX 2.6-7.5 CM,350
REPAIR COMPLEX 2.6-7CM TRUNK,300
REPAIR INT CLO NECK/HAND/FEE 2.5 CM/LESS,228
REPAIR INT CLO NECK/HAND/FEET 12.6-20.0,416.4
REPAIR INT CLO NECK/HAND/FEET 2.6 TO 7.5,280.8
REPAIR INT CLO NECK/HAND/FEET 20.1-30.0,624
REPAIR INT CLO NECK/HAND/FEET 7.6-12.5,342
REPAIR LACER/MOUTH/2,120
REPAIR NAIL BED,125
REPAIR OF LAC/2.5 TO,218
REPAIR/LAC/2.5 CM/LE,150
REPR COMPLX LIDS/LIPS 2.6-7.5 CM,"1,017.6"
REPR COMPLX SCLP/EXTREM 1.1-2.5 CM,405.6
REPR COMPLX SCLP/EXTREM 2.6-7.5 CM,613.2
REPR LACERAT 2.5 CM/LESS ANT TONGUE,258
REPR LACERAT 2.5 CM/LESS POST TONGU,"1,431.6"
RESET DISLOCATED JAW,198
RESPIRATORY ALLERGENS REGION 6,960
RESTASIS OPH EMULSION,24
RETIC COUNT,46.2
REVERSE T3,194.4
RHEUMATIOD FACTOR QUANITATIVE,18
RHEUMATOID FACTOR QUAN,63.6
RHINO EAR WASHER TIP,3
RIFAMPIN 600MG INJ,517.77
RISAMINE OINT,9.76
RISPERIDONE (RISPERDAL CONSTA) 25MG INJ,"1,017.29"
RISPERIDONE (RISPERDAL) 4MG TAB,6
RISPERIDONE 0.25MG TAB,5
RISPERIDONE 1MG TAB,6
RIVAROXABAN (XARELTO) 10MG TAB,24.36
RIVAROXABAN (XARELTO) 15MG TAB,32.41
RIVASTIGMINE 4.5MG CAP,5
RNP AB (ENA PANEL 9),500
ROCKY MOUNTAIN SPOTTED FEVER IGG,272.4
ROCKY MTN SPOTTED FEVER IGM,93.6
ROCURONIUM 10MG/ML 5ML VIAL,30
ROPINIROLE 0.25MG TAB,6
ROPINIROLE HCL 0.5MG TAB,6
ROPINIROLE HCL 1MG TAB,5
ROPINIROLE HCL 2MG TAB,6
ROSUVASTATIN (CRESTOR) 10MG TAB,17.26
ROTAVIRUS ANTIGEN,321.6
RPR,75
RSV,84
RT ASSESSMENT/RT ASSIST/OTHER,525
RUBELLA ANTIBODY IgG (MMR),64.8
RUBELLA IGG,87
RUBELLA IGM,87
RUBELLA TITER,90
RUBEOLA ANTIBODY (MMR),108
RYNEX DM  LIQUID,6
S PNEUMO CSF,257
SACRAL 7X7 DRESSING,34
SACRAL DRESSING,38
SACRAL DRESSING 7X7 ADHESIVE,34
SAFE SITE VALVE CAP (BLUE),4
SAFETY 22GX1.5,1
SAFETY 25GX1,1
SAFETY 30G X 1/2 NEEDLE,1
SALICYLATE,42
SALINE NASAL SPRAY,6
SANTYL COLLAGENASE OINTMENT 30 GM,720
SAVAYSA 60MG TAB,22.05
SAW PALMETTO SOFTGEL,5
SAXAGLIPTIN (ONGLYZA) 5MG TAB,29.4
SCALPEL #10,3.84
SCALPEL#10 SAFETY DISPOSABLE,2
SCALPEL#11 SAFETY DISPOSABLE,2
SCALPEL#15,2
SCALPVEIN IN/3 Y/O,25
SCHOOL PHYSICAL,75
SECONDARY IV SET,7
SED RATE,37.8
SEDATION EACH ADDTL. 15min,165.6
SEDATION INITIAL 15min PATIENT <AGE5,265.83
SEDATION INITIAL 15min PATIENT >AGE5,218.28
SELENIUM 100MCG TABLETS,6
SELENIUM SULFIDE 1%,7.89
SEND-OUT BNP ORDER PBNP(INHOUSE),444
SENNOSIDES (SENNA-GEN) 8.6MG TAB,6
SENSIPAR 60MG TAB,162
SENSITIVITY (CULTURE),133.2
SENSOR INFANT CO2,120
SENSTAT PAD WOUND VAC,113
SEROQUEL 400MG TAB,6
SERTRALINE (ZOLOFT) 25MG TAB,6
SERTRALINE HCL 100MG TAB,6
SERTRALINE HCL 50MG TAB,6
SERUM CREATININE CLEARANCE,38.4
SERUM DRUG SCREEN,250
SERUM PROTEIN ELECTROPORESIS,93.6
SERUM UREA CLEARANCE,129.6
SEX HORMONE BINDING GLOBULIN,243.6
SHAVING LESION 0.5,85
SHAVING LESION 0.5 C,180
SHAVING LESION 0.5 C,250
SHAVING LESION 0.5CM,55
SHAVING LESION 0.5CM,55
SHAVING LESION 0.6 TO 1.0 CM,75
SHAVING LESION 0.6 TO 1.0 CM,75
SHAVING LESION 0.6 TO 1.0 CM,110
SHAVING LESION 1.1 TO 2.0,115
SHAVING LESION 1.1 TO 2.0 CM,85
SHAVING LESION 1.1 TO 2.0 CM,125
SHAVING LESION OVER 2.0 CM,125
SHAVING LESION OVER 2.0 CM,135
SHAVING LESION OVER 2.0 CM,135
SHOULDER IMMOBILIZER L,70
SHOULDER IMMOBILIZERM,35
SICKLE CELL,96
SILICONE FOAM DRESSING,35
SILVER GRANUFOAM DRESSING LARGE,450
SILVER NITRATE APPLICATOR,13.68
SILVER SULFADIAZINE 1% CRM 25GM TUBE,28.62
SILVER SULFADIAZINE 1% CRM 400GM JAR,73.73
SIMETHICONE 80MG CHEW TAB,6
SIMPL REPR FACE/MUCOUS 2.5/LESS,180
SIMPL REPR FACE/MUCOUS 2.6-5.0 CM,213.6
SIMPL REPR FACE/MUCOUS 7.6-12.5 CM,343.2
SIMPL REPR SCLP/TRUNK 12.6-20.0 CM,360
SIMPL REPR SCLP/TRUNK 2.6-7.5 CM,249.6
SIMPL REPR SCLP/TRUNK 2/5 CM/LESS,236.4
SIMPL REPR SCLP/TRUNK 20.1-30.0 CM,420
SIMPL REPR SCLP/TRUNK 7.6-12.5 CM,15.6
SIMPL REPR SCLP/TRUNK OVER 30.0 CM,513.6
SIMVASTATIN (ZOCOR) 10MG TAB,5
SIMVASTATIN (ZOCOR) 20MG TAB,6
SIMVASTATIN (ZOCOR) 40MG TAB,6
SIROLIMUS (RAPAMYCIN),216
SKIN AFFIX ADHESIVE, -   
SKIN PROTECTANT LIQUID MARATHON,13
SKIN STAPLER,35
SKIN STAPLER,30.24
SLOW MAG 64MG TAB,6
SMALL LED SPECULA,21
SMALL LEG BOOT,126
SMALLBORE EXTENSION SET,4
SMITH ANTIBODY,151.2
SMOKING CESSATION > 3 TO 10 MIN,72
SMOKING CESSATION >10 minutes,75
SOCKS NON SKID,3
SODIUM BICARB 1MEQ/ML 50 ML SYR,30
SODIUM BICARB 4.2% INJ,30
SODIUM BICARB 650MG TABS,6
SODIUM BICARB 8.4% INJ,30
SODIUM CHLORIDE 0.45%  250ML BAG,25
SODIUM CHLORIDE 0.9% BACTERIOSTATIC 30ML,30
SODIUM CHLORIDE 1GM TAB,6
SODIUM CHLORIDE 250 ML BAG,30
SODIUM CHLORIDE 250ML ADD-VANTAGE,30
SODIUM CHLORIDE 45% 500 ML,30
"SODIUM CHLORIDE IRRIGATION 1,000ML",10.44
SODIUM CHLORIDE IRRIGATION 250ML,9.65
SODIUM CHLORIDE IRRIGATION 500ML,6
SODIUM SERUM,36
SODIUM URINE,57.6
SOL 0.9% 500ML,22.68
SOLIFENACIN (VESICARE) 10MG TAB,23.8
SOLIFENACIN (VESICARE) 5MG TAB,23.8
SOLU-CORTEF 250MG,30
SOLU-MEDROL 125MG/2ML VIAL,30
SOLU-MEDROL 1GM VIAL,49.62
SOLU-MEDROL 40MG/ML VIAL,30
SOLU-MEDROL 500MG VIAL,39.84
SORBACT 4X4,27
SOTALOL HCL 80MG TAB,6
SPEC GRAVITY,15
SPECIMEN HANDLING,25
SPECIMEN TRAP,9
SPIKE SET FEEDING,18
SPIRIVA 18MCG INHALATION,245.52
SPIROMETER,21
SPIRONOLACTONE 25MG TAB,6
SPLINT METAL FOREARM,26.4
SPUTUM TRAP,7.2
SSA AB,224.4
SSB AB,224.4
SS-DNA AB,223.2
ST COGNITIVE EVAL,91.2
ST COGNITIVE SKILLS DEVELOPMENT TIME BAS,91.2
ST EVAL SP SOUND PRO WITH EVAL OF LANG C,650.4
ST MOTION FLUROSCOPIC SWALLOW EVAL,442
ST SWALLOWING EVAL,250.8
ST SWALLOWING TREATMENT,295.2
ST TX SPEECH/LANG/AUD DISORDER INDIV,272.4
STAPLE REMOVAL TRAY KIT,9
STERI STRIP 1/2X2 REINF 3008,3
STERI STRIP 12MMX100MM,7
STERI STRIP 1X5 REINF 4'S,8
STERI STRIP 6MMX38MM,5
STERI STRIP 6MMX75MM,6
"STERIL WATER FOR INJ, USP 20 ML",30
STERILE GLOVE SZ 6.5,1.2
STERILE GLOVE SZ 7.5,1.2
STERILE GLOVE SZ 8.5,1.2
STERILE GLOVES SIZE 7,1.93
STERILE NORM SALINE IRRIGATION 1000ML BT,30
STERILE WATER 1000 ML BOTTLE,54
STERILE WATER 1000 ML INJ SOLN,54
STIOLTO RESPIMAT 2.5MCG INH 60 DOSE,517.38
STOCKINETTE UNBLEACHED 3,26
STONE ANALYSIS,132
STOPCOCK,8
STRAPPING OF ANKLE,132
STRAPPING OF CHEST,120
STRAPPING OF ELBOW OR WRIST,120
STRAPPING OF HAND OR FINGER,114
STRAPPING OF KNEE,120
STRAPPING OF SHOULDER,138
STRAPPING/ELBOW/WRIST,40
STREP A (RAPID),40.8
STRESSTABS  WITH ZINC,6
STRETCH BANDAGE,6
STRETCH BANDAGE 2 INCH,1.8
SUC CATH 8FR,4
SUCCINYLCHOLINE CL 20MG/ML MDV,30
SUCRALFATE 1GM TAB,6
SUCTION CANISTER,6
SUCTION CANISTER,6
SUCTION CANISTER 1200CC,4.8
SUCTION CATH 10 FR,4
SUCTION CATH 12 FR,4
SUCTION CATH 14 FR,4
SUCTION CATH 16 FR CHIMNEY VALVE,4.8
SUCTION CATH 8 FR,4
SUCTION CATH KIT 14FR,4
SUCTION CATH KIT 16FR,4
SUCTION CATH KIT 18FR,4
SUCTION CATH TRAY 18FR,2
SUCTION CONN TUBE 3/16 ID X 18,2.4
SUCTION CONNECTING TUBE,3
SUCTION TRACHEAL,43.2
SUCTION TUBING,3
SUCTION TUBING 1/4X 12,5
SUCTION TUBING 3/16,1
SULFACETAMIDE SODIUM 10% DROP,141.1
SULFAMATHOXAZOLE,146
SULFAMET/TMP 200-40MG/5ML SUSP,6
SULFAMET/TMP 800-160MG TAB,6
SULFAMETHOX - TRIMET 800/160 MG/10ML INJ,38
SULFASALAZINE 500MG TAB,6
SUMATRIPTAN (IMITREX) 25MG TAB,6
SUMATRIPTAN SUCCINATE 25MG TAB,6
SUMATRIPTAN SUCCINATE 6MG/0.5ML SDV,148.25
SUMP TUBE 10 FR,12
SUMP TUBE 10 FR,12
SUMP TUBE 14 FR,12
SUMP TUBE 16 FR,6
SUMP TUBE 18 FR,6
SUMP TUBE 6 FR,48
SUMP TUBE 8 FR,42
SUREPATH PAP,110
SURGICAL PATHOLOGY,432
SURGICAL PATHOLOGY(LEVEL IV),198
SUTURE 4/0 18,42
SUTURE 4/0 18  COATED VICRYL PLS VIO BR,42
SUTURE 4/0 18  COATED VICRYL PLS VIO BR,42
SUTURE 4-0 NYLON DSM18/PS2,15.6
SUTURE 4-0 PGA PC31/PS2,18
SUTURE 5-0 NYLON DS18/FS2,10.8
SUTURE 6-0 NYLON DS16/PS3,13.2
SUTURE REMOVAL,15
SUTURE REMOVAL KIT,3
SWAB CAP,2.4
SWIVEL CONNECTOR,7
SYMBICORT 160MCG/4.5MCG MDI,809.64
SYNTHROID 150 MCG TAB,6
SYPHILIS IgG ANTIBODY,169.2
SYPHILIS TEST QUAL,36
SYSTANE LUBRICATING EYE DROPS,31.2
SYSTANE OVERNIGHT EYE OINTMENT,37.2
T3 TOTAL,32.4
TACROLIMUS,252
TACROLIMUS 1MG CAP,5
TAMOXIFEN 20MG TAB,5
TAMSULOSIN HCL 0.4MG CAP,6
TB SKIN TEST INTRADERMAL,30
TDAP VAC-7YRS OR OLDER,96.06
TED STOCKINGS,25
TED STOCKINGS  3X THIGH HIGH,45.6
TEE ADAPTER WITH VALVE,10
TEFLARO (CEFTAROLINE) 600MG VIAL,554.11
TEGADERM 4X4,3
TEGADERM FILM,6
TEGADERM IV,3
TELEHEALTH ORGINATING SITE FACILITY FEE,75
TELEPHONE ECF-RATE,35.94
TELFA 4 X 4,4
TELFA 4 X 8,6
TELFA ADH 2x3,1
TELFA ADH DRESSING 2X3,1.2
TEMAZEPAM 15MG CAP,6
TENECTEPLASE (TNKASE) 50MG KIT,"12,386.64"
TERAZOSIN (HYTRIN) 5MG CAP,6
TERAZOSIN HCL 1MG CAP,6
TERAZOSIN HCL 2MG CAP,6
TERBINAFINE 250MG TAB,6
TERBINAFINE HCL (LAMISIL) 1% CRM,23.16
TEST STRIPS DISCONTINUED,2
TESTOSTERONE 200MG/ML INJ,54
TESTOSTERONE FREE,259.2
TESTOSTERONE TOTAL,105
"TETANUS/DIPTHERIA, ADULTS > 7 YRS, IM",55
TETRACAINE HCL 0.5% OPH SOL,27.24
THC GS/MS CONFIRMATION,331.2
THEOPHYLLINE,165.6
THEOPHYLLINE 300MG ER TAB,6
THEOPHYLLINE 300MG ER TAB,5
THEOPHYLLINE 300MG ER TAB,5
THEOPHYLLINE 300MG ER TAB,6
THEOPHYLLINE ANHYDROUS 200MG TAB,6
THEOPHYLLINE ANHYDROUS 300MG TAB,6
THERAGESIC CREAM 3 OZ,12
THERAPEUTIC PHLEBOTOMY,150
THIAMINE,231.6
THIAMINE HCL (VITA B1) 100MG/ML MDV,34.2
THIN PREP PAP,100.8
THIN PREP PAP SMEAR,57
THIN PREP PAP W IMAGING,100.8
THIOPURINE METHYLTRANSFERASE,530
THORACENTESIS,110
THORACIC CATH,97
THORACIC CATH 20F,33
THROMBOSSED HEMMROID,95
THUMB SPICA LEFT,72
THYROGLOBULIN,149.4
THYROGLOBULIN ANTIB,280.8
THYROGLOBULIN ASSOCIATED CHARGES,149.4
THYROID HORMONE UPTAKE/BINDING RATIO,90
THYROID PEROXIDASE ANTIBODY,133.2
TIMOLOL MALEATE 0.5% DROP,27.18
TISSUE TRANSGLUTAMINASE IGA,206.4
TISSUE TRANSGLUTAMINASE IGG,60
TIZANIDINE (ZANAFLEX) 4MG TAB,6
TOBRAMYCIN,36
TOBRAMYCIN PEAK,36
TOBRAMYCIN SULFATE 80MG/2ML MDV,30
TOBRAMYCIN TROUGH,36
TOBREX 0.3% OPTH SOLN,6
TOLTERODINE 2MG ER CAPSULES,18
TOLTERODINE TARTRATE (DETROL) 2MG TAB,5
TOLTERODINE TARTRATE (DETROL) 4MG CAP,18.02
TOPIRAMATE,633.6
TOPIRAMATE 100MG TABS,6
TOPIRAMATE 50MG TAB,6
TORSEMIDE 10MG TAB,5
TORSEMIDE 20MG TAB,6
TOTAL HEMOLYTIC COMPLEMENT CH50,246
TOTAL IGE,60
"TOTAL PROTEIN,ALBUMIN W/AG RATIO",90
TOTAL T4,69.72
TOVIAZ 4MG ER  TABLETS,25.2
TPN,540
TRAC CARE KIT,19
TRAC TUBE UNCUFFED 5.0 ml,21
TRACH CANNULA,271
TRACH CANNULA,26
TRACH CARE KIT,6
TRACH CLEANING TRAY,14
TRACH MASK,9
TRACH T ADAPTER WITH DRAIN BAG,9
TRACH TUBE 3.0MM,9
TRACH TUBE 3.5 ml,9
TRACH TUBE 4.0,6
TRACH TUBE 4.5,6
TRACH TUBE 5.0,33
TRACH TUBE 5.0 ml,3
TRACH TUBE 6.5MM,18
TRACH TUBE 7.0MM,15
TRACH TUBE 8.0MM,3
TRACH TUBE 8.5MM,9
TRACH TUBE 9.0,75
TRACH TUBE CUFFED 4MM KIT,271
TRACH TUBE CUFFED 6MM KIT,213
TRADJENTA 5MG TABS,39
TRAMADOL HCL 50MG TAB,6
TRANSDERM SCOP PATCH 1MG/3 DAYS,55
TRANSFERRIN,72
TRAVATAN OPH SOLUTION .004%,426
TRAZODONE HCL 50MG TAB,6
TREA CARPOMETACARPA,250
TREA CLOS FX WITH/M,130
TREA CLOS PATELLAR F,290
TREA CLOSED RADIAL,216
TREAT ANKLE DISLOCATION,732
TREAT CLAVICLE DISLOCATION W/O MANI,732
TREAT CLAVICLE FRACTURE,432
TREAT CLOS PATEL DIS,400
TREAT CLOSED ELBOW,310
TREAT CLOSED METACA,250
TREAT CLOSED METACAR,170
TREAT EYE SOCKET FRACTURE,900
TREAT FRACTURE OF RADIUS,522
TREAT FRACTURE OF ULNA,510
TREAT KNEE FRACTURE,792
TREAT KNEECAP FRACTURE,636
TREAT LOWER JAW FRACTURE,852
TREAT METACARPAL FRACTURE,474
TREAT METATARSAL FRACTURE,438
TREAT OF CLOS COCCYG,160
TREAT PHALANGEAL SH,135
TREAT RADIAL HEAD S,90
TREAT SHOULDER DISLOCATION,618
TREAT THIGH FRACTURE,978
TREAT THUMB DISLOCATION,732
TREAT WRIST BONE FRACTURE,600
TREAT/CLOS/FX/GREAT TOE,96
TREAT/CLOS/FX/W/O MA,95
TREAT/CLOS/META/FX/W,257
TREAT/CLOS/METAT JOI,135
TREATM CLOSED CLAVI,180
TREATMENT OF BURN(S),180
TREATMENT OF HEEL FRACTURE,498
TREATMENT OF NOSE FRACTURE,234
TREATMENT OF TIBIA FRACTURE,690
TREATMENT SUPRACONDY,310
TRIAMCIN ACETO (KENALOG)40MG/ML MDV,25
TRIAMCINOLONE ACETONIDE 0.1% CREAM,24.54
TRIAMCINOLONE ACETONIDE 0.1% CRM 80GM,30
TRIAMCINOLONE ACETONIDE 0.1% PASTE,20.46
TRIAMCINOLONE CREAM 0.025% 15GM,8
TRIAMTERENE AND HCTZ 75/50 TAB,6
TRIAMTERENE/HCTZ 37.5-25MG CAP,5
TRIANGULAR BANDAGE,14
TRICHOMONAS AMPLIFIED,250
TRIGGER POINT INJECTION,130
TRIGLYCERIDES,21
TRILEPTAL CHROMATOGRAPHY QUANT,375
TRILEPTAL QUANTITATION OF DRUG NEC,525
TRIMETHOPRIM 100MG TAB,5
TRIPLE ANTIBIOTIC OINT - TUBE,9.6
TRIPLE ANTIBIOTIC OINTMENT,12
TRIPLE ANTIBIOTIC PCKT,6
TRMT CLOSED METATARSAL FX,180
TRMT CLOSED RADIAL FX,475
TRMT CLSD DISTAL FIBU FX W/O FIXATION,269
TRMT RADIAL & ULNAR SHAFT FX(CLOSED),230
TROPONIN I,180
TSH,115.2
TSH RECEPTOR ANTIBODY,140
TSI,600
TUBERCULIN (APLISOL) 5TU/0.1ML MDV,30
TUBING ADAPTOR,3
TUBING CONNECTOR,7
TUMS 500MG CHEWABLE TABS,5
TUSSIN SUGAR FREE (GUAIFENESIN) DM 237ML,6
TWOCAL HN NUTRITIONAL SUPP,5
TX CLAVICLE DISLOCATION W/O MANIPULATION,438
TX THIGH FRACTURE CLOSED W/O MANIPULATIO,"1,080"
TX THIGH FX FEM SHAFT CLOSED W/O MANIP,"1,068"
ULORIC 80MG TAB,30
ULTIMATE COLON CARE FORMULA CAPS,5
ULTRACET 37.5/325MG TAB,5
UNASYN 1.5GM,30
UNDERCAST PADDING COTTON,6
UNIVERSAL CONNECTING TUBING,3
UNIVERSAL WRIST LEFT,8
UNNA BOOT,33
URIC ACID,72
URINALS,3
URINALYSIS,52.8
Urinalysis WITHOUT microscopic,25
URINARY DRAINAGE BAG,39
URINE COPPER,120
URINE CREATININE 24 HOUR,141.12
URINE CREATININE RANDOM (SPOT),141.12
URINE CYTOLOGY,368.64
URINE ELECTROPHORESIS,450
URINE EOSINOPHILS,30
URINE IMMUNOELECTROPHORESIS,280
URINE MAGNESIUM  24 HOUR,70
URINE MYOGLOBIN,298.8
URINE PROTEIN 24HR,93.6
URINE PROTEIN RANDOM,63.6
URINE PROTEIN/CREAT RATIO,283.2
URINE STRAINER,3
URINE STRAINER,2.34
URINE UREA CLEARANCE,129.6
URINE ZINC,157.2
UROSTOMY BAG 8485,19
US ABDOMEN COMPLETE,419.89
US ABDOMEN SINGLE ORGAN/QUAD LIMITED/ L,363.6
US ABI 3+ SEGMENTAL,368.52
US ARTERIAL DOPPLER LOWER EXT UNILAT LT,412.46
US ARTERIAL DOPPLER LOWER EXT UNILAT RT,412.46
US ARTERIAL DOPPLER UPPER EXTREMITY LEFT,456.1
US ARTERIAL DOPPLER UPPER EXTREMITY RIGH,456.1
US ARTERIAL IMAGING BOTH EXTREMITIES LOW,998.4
US ARTERIAL IMAGING UPPER EXTREMITIES BI,798
US BREAST LT,292.87
US BREAST RT,292.87
US BREAST(S) - BILATERAL,292.87
US CHEST/UPPER BACK,600
"US COMPLETE JOINT, INCL.JT SPACE,MUS,TEN",351.72
US DUPL SCAN OF AORTA INFERIOR VENA CAVA,870
US DUPLEX SCAN EXTRACRANIAL ARTERIES (CA,"1,010.88"
US ECHO COMPLETE,674.12
US EXTREMITY NON VASCULAR LIMITED,390
US OF AORTA WELCOME TO MEDICARE,870
US PELVIC (NONOBSTETRIC),369.11
US PELVIC LIMITED STUDY,213.6
US PREGNANT UTERUS COMPLETE,437.28
US RENAL COMPLETE,396
US SCROTUM + CONTENTS,240
US SOFT TISSUE HEAD NECK THYROID,540
US UTERUS TRANSVAGINAL,600
US VENOUS DOPPLER LOWER EXTREMITIES BILA,824.4
US VENOUS DOPPLER LOWER EXTREMITY- LT,540
US VENOUS DOPPLER LOWER EXTREMITY- RT,540
US VENOUS DOPPLER UPPER  EXTREMITY- LT,540
US VENOUS DOPPLER UPPER EXTREMITY- BILAT,824.4
US VENOUS DOPPLER UPPER EXTREMITY- RT,540
VAG DELIV ONLY,"2,352"
VAGINAL LIGHTED SPEC MED,12
VAGINAL SPEC LARGE,15
VAGINAL SPEC M,11
VAGINAL SPEC S,7
VALCYCLOVIR (VALTREX) 1GM TAB,6
VALPROATE 500MG/5ML,25
VALPROIC ACID,223.2
VALPROIC ACID 250MG/5ML SYRP,6
VALSARTAN (DIOVAN) 160MG TAB,14.83
VALSARTAN (DIOVAN) 40MG TAB,11.63
VALSARTAN (DIOVAN) 80MG TAB,9.6
VALSARTAN/HCTZ 80MG/12.5MG TAB,6
VALVED TEE ADAPTER,12
VANCOMYCIN (VANCOCIN) 125MG CAP,21.53
VANCOMYCIN 1GM IV ADDV,25
VANCOMYCIN 500MG IV ADDV,25
VANCOMYCIN 750MG IV ADDV,25
VANCOMYCIN HCL 1GM VIAL,30
VANCOMYCIN HCL 500MG VIAL,30
VANCOMYCIN HCL 750MG VIAL,30
VANCOMYCIN PEAK,324
VANCOMYCIN RANDOM,324
VANCOMYCIN TROUGH,324
"VANILLYLMANDELIC ACID, URINE",140
VANLAFAXINE (EFFEXOR) 37.5 MG TAB,5
VARICELLA-ZOSTER IGG,116
VARICELLA-ZOSTER IGM,116
"VARICELLA-ZOSTER, IGG",139.2
VASELINE PACKET,72.58
VASHE CLEANSER,55.2
VASOLEX OINTMENT,40.61
VASOPRESSIN 20UNITS/ML MDV,30
VENIPUNCTURE,12.6
VENLAFAXINE (EFFEXOR) 75MG ER TAB,5
VENLAFAXINE 75MG XR CAPSULES,6
VENLAFAXINE HCL (EFFEXOR) 75MG TAB,6
VENTILATOR INITIAL SETUP,680
VENTURI MASK,14
VERAPAMIL 300MG ER CAPSULES,9.68
VERAPAMIL HCL 180MG ER TAB,5
VERAPAMIL HCL 2.5MG/ML SDV,30
VERAPAMIL HCL 240MG ER TAB,6
VERAPAMIL HCL 80MG TAB,6
VIAL ADAPTER,18
VICKS VAPORUB OINT,14.52
VIPER VENOM,162
VIRAL CULT RAPID LESION,156
"VISCOSITY, SERUM",52
VISCOUS LIDOCAINE 15ML,6
VISIAPAQUE 270,158.4
VISTA BLOOD SET,48
VISTA PUMP SET,22
VITAMIN A,144
"VITAMIN A 10,000 UNITS CAP",5
VITAMIN B-12,115.2
VITAMIN B2,756
VITAMIN B6,162
VITAMIN B6 100MG TAB,6
"VITAMIN D 1.25MG (50,000 UNITS) CAPS",6
VITAMIN D 1000U TAB,6
VITAMIN D 2000 IU TABS,5
"VITAMIN D 5,000 IU CAPSULE",6
VITAMIN D 50000U GELCAP,5
VITAMIN D TOTAL (IN-HOUSE),150
"VITAMIN D3 (1,25-OH)",247
VITAMIN E,75
VITAMIN E 1000 UNITS CAP,6
VITAMIN E 400U GELCAP,6
VITAMIN K,588
VITAMIN K (PHYTONADIONE)10MG/ML INJ,30
VITAMIN K 1MG/0.5ML INJECTION,30
VOLTAREN GEL,168
VOLUM MEASUR TIMED COLLEC EA,12
WAFER COLOSTOMY SIZE 2,14.4
WARFARIN (COUMADIN) 1MG TAB,5
WARFARIN 2MG TABS,6
WARFARIN SODIU (COUMADIN) 2.5MG TAB,5
WARFARIN SODIU (COUMADIN) 7.5MG TAB,6
WARFARIN SODIUM (COUMADIN) 3MG TAB,5
WARFARIN SODIUM (COUMADIN) 5MG TAB,6
WATER BOTTLE 500 ML,9
WATER TRAP ADULT,52
WBC,24
WBC AUTOMATED & DIFF ONLY,27
"WBC, STOOL",82.08
WEDGE RESECTION/INGR TOE,150
WELCHOL 625MG (COLESEVELAM) TAB,6.4
WELLBUTRIN 150MG ER (12 HOUR),6
WEST NILE ANTIBODIES IGM/IGG,120
WEST NILE IGM AB,183
WEST NILE IGM/IGG ASSOCIATE CHG,120
WET PREP,21
WOUND CLOSURES,1
WOUND CLOSURES 1/4X3,3.6
WOUND CLOSURES 1/8X3,3.6
WOUND VAC CANISTER,113
WOUND VAC RENTAL,95
WRIST FORARM SPLINT L/LG,46.8
WRIST FORE/ARM SPLINT L,72
WRIST FORE/ARM SPLINT M,65
WRIST FORE/ARM SPLINT S,72
WRIST FORE/ARM SPLINT XL,90
WRIST SPLINT L/LG,18
WRIST SPLINT L/MED,46.8
WRIST SPLINT L/SM,18
WRIST SPLINT L/XLG,18
WRIST SPLINT L/XSM,18
WRIST SPLINT R/CHILD UNIVERSAL,38.4
WRIST SPLINT R/LG,18
WRIST SPLINT R/MED,18
WRIST SPLINT R/SM,18
WRIST SPLINT R/XLG,18
WRIST SPLINT R/XSM,18
XEROFORM 2X2,3
XEROFORM 4X4,3
XEROFORM 5X9,8
XIFAXAN 550MG TAB,127.5
XLARGE  LEG BOOT,126
XLARGE BANDAIDS,1.2
XOPENEX 0.31MG/3ML INH SOLN,5.73
XOPENEX 0.63MG/3ML INH SOLN,7.42
XOPENEX 1.25MG/3ML INH SOLN,22.01
XR ABD SNGL AP VIEW (KUB),150
XR ABDOMEN ACUTE SERIES W/ 1 V CHEST (FL,147.84
XR ABDOMEN FLAT AND ERECT,122.5
XR ABDOMEN W/ DECUBS AP,135
XR AC JOINTS BILATERAL W OR WO WEIGHT,120
XR ANKLE 2 VIEW RT,86
XR ANKLE 2 VIEWS LT,86
XR ANKLE 3+ VIEW LT,100.45
XR ANKLE 3+ VIEWS RT,100.45
XR BIL HIP W/PELVIS,330.98
XR CALCANEUS 2+ VIEWS LT,210
XR CALCANEUS 2+ VIEWS RT,210
XR CHEST 2 VIEWS PA + LAT,165
XR CHEST PA/LATERAL DECUBS,175
XR CHEST PA/LATERAL PLUS LORDOTIC,165
XR CHEST SNGL VIEW AP /PORT,108
XR CLAVICLE LT,87.02
XR CLAVICLE RT,60
XR ELBOW 2 VIEWS LT,84.82
XR ELBOW 2 VIEWS RT,84.82
XR FACIAL BONES COMPLT MIN 3,128.47
XR FEMUR 1 VIEW RT,150
XR FEMUR 2 VIEW LT,173.45
XR FEMUR 2 VIEW RT,173.45
XR FINGER 2+ VIEWS LT,98.81
XR FINGER 2+ VIEWS RT,98.81
XR FOOT 3+ VIEWS LT,94.32
XR FOOT 3+ VIEWS RT,94.32
XR FOREARM 2 VIEWS LT,83.95
XR FOREARM 2 VIEWS RT,83.95
XR HAND 2 VIEWS LT,84
XR HAND 2 VIEWS RT,84
XR HAND 3+ VIEWS LT,98.41
XR HAND 3+ VIEWS RT,98.41
XR HIP W/PELVIS 2 VIEW LT,187.48
XR HIP W/PELVIS 2 VIEW RT,187.48
XR HUMERUS 2+ VIEWS LT,96
XR HUMERUS 2+ VIEWS RT,96
XR KNEE 1/2 VIEWS LT,91.87
XR KNEE 1/2 VIEWS RT,91.87
XR KNEE 3 VIEWS LT,111.44
XR KNEE 3 VIEWS RT,111.44
XR KNEE 4+ VIEWS LT,107.88
XR KNEE 4+ VIEWS RT,107.88
XR MANDIB COMPLT MIN 4 VIEW,120.16
XR NASAL BONES COMPLT MINI 3,129.6
XR NECK SOFT TISSUE,87.16
XR ORBITS COMPLT MINI 4 VIEW,131.87
XR OSSEOUS SKELETAL SURVEY,363.6
XR PELVIS 1/2 VIEWS,100.8
XR RIBS BILAT 3 VIEWS,167.04
XR RIBS BILAT W/  CHEST,161.14
XR RIBS UNI 2 VIEWS LT,126.72
XR RIBS UNILAT 2 VIEWS RT,144
XR RIBS UNILAT W/PA CHEST LT,144
XR RIBS UNILAT W/PA CHEST RT,144
XR SACRUM + COCCYX MIN 2 VIEW,87.16
XR SCAPULA COMPLETE LT,96
XR SCAPULA COMPLETE RT,95.93
XR SCOLIOSIS STUDY 1 VIEW,200
XR SCOLIOSIS STUDY 2 VIEW,220
XR SHOULDER MIN 2 VIEWS LT,93.02
XR SHOULDER MIN 2 VIEWS RT,93.02
XR SI JOINTS BILATERAL 3 VIEWS OR MORE,185
XR SINUSES 3+ VIEWS,200
XR SKULL,123.6
XR SPINE CERV 2/3 VIEWS,108.01
XR SPINE CERV COMPLT W/OBLIQ,186.91
XR SPINE CERV W FLEX/EXT,164.4
XR SPINE LUMBOSAC MINI 4 VIE,148.31
XR SPINE LUMBOSACRAL 2/3 VIEWS,129.6
XR SPINE SCOLIOSIS STUDY,155.8
XR SPINE THOR 2 VIEWS,101.24
XR SPINE THOR 3 VIEWS,112.5
XR STERNOCLAVICULAR JOINT/JOINTS MIN 3 V,112.5
XR STERNUM MINI 2 VIEWS,95.83
XR SWALLOWING FUNCTION W/VIDEORADIOGRAPY,468
XR TIBIA/FIBULA 2 VIEWS LT,66
XR TIBIA/FIBULA 2 VIEWS RT,83.06
XR TMJ OPEN + CLO MOUTH BIL,146.56
XR TOE(S) 2+ VIEWS RT,113.76
XR TOE(S) MIN 2+ VIEWS LT,113.76
XR WRIST 2 VIEWS LT,93.76
XR WRIST 2 VIEWS RT,120
XR WRIST 3+ VIEWS LT,112.73
XR WRIST 3+ VIEWS RT,112.73
XYLOCAINE WITH EPI 1% 20ML,30
XYLOCAINE WITH EPI 2% 20ML,30
Y TYPE BLOOD SET,22
Y TYPE EXTENSION 7INCHES,16.8
YANKAUER SUCTION HANDLE,4
ZALEPLON (SONATA) 5MG CAP,6
ZALEPLON 5MG CAP,5
"ZENPEP 10,000 UNITS CAPSULE",7.65
ZINC 50MG CAPLET,6
ZINC OXIDE OINT,10.8
ZINC SULFATE 220MG CAP,5
ZIPRASIDONE (GEODON) 20MG CAP,7.63
ZIPRASIDONE MESY (GEODON) 20MG VIAL,49.8
ZITHROMAX / NS IVPB: 500MG / 250ML,6
ZOLPIDEM TARTRATE (AMBIEN) 5MG TAB,6
ZONISAMIDE (ZONEGRAN) 100MG CAP,5
ZOSTAVAX VACCINE 0.65ML,329.2
ZOSTAVAX VACCINE SDV 0.65ML,329.05
ZOSYN 2.25 GM ADV VIAL,30
ZYVOX - D5W  600MG/300ML PREMIXED,198
ZYVOX / D5W  600MG/300ML,165
ZYVOX 600MG TAB,18