MS-DRG Service Line,DRG,DRG Description,Average Case
Oncology,054,NERVOUS SYSTEM NEOPLASMS W MCC,"$48,425.36"
Oncology,055,NERVOUS SYSTEM NEOPLASMS W/O MCC,"$33,022.73"
Oncology,146,"EAR, NOSE, MOUTH & THROAT MALIGNANCY W MCC","$114,691.06"
Oncology,147,"EAR, NOSE, MOUTH & THROAT MALIGNANCY W CC","$20,287.85"
Oncology,148,"EAR, NOSE, MOUTH & THROAT MALIGNANCY W/O CC/MCC","$16,395.74"
Oncology,180,RESPIRATORY NEOPLASMS W MCC,"$69,443.89"
Oncology,181,RESPIRATORY NEOPLASMS W CC,"$45,190.16"
Oncology,182,RESPIRATORY NEOPLASMS W/O CC/MCC,"$31,723.10"
Oncology,374,DIGESTIVE MALIGNANCY W MCC,"$81,473.38"
Oncology,375,DIGESTIVE MALIGNANCY W CC,"$45,015.61"
Oncology,376,DIGESTIVE MALIGNANCY W/O CC/MCC,"$35,346.86"
Oncology,420,HEPATOBILIARY DIAGNOSTIC PROCEDURES W MCC,"$135,364.50"
Oncology,435,MALIGNANCY OF HEPATOBILIARY SYSTEM OR PANCREAS W MCC,"$73,890.87"
Oncology,436,MALIGNANCY OF HEPATOBILIARY SYSTEM OR PANCREAS W CC,"$37,872.78"
Oncology,437,MALIGNANCY OF HEPATOBILIARY SYSTEM OR PANCREAS W/O CC/MCC,"$21,026.03"
Oncology,542,PATHOLOGICAL FRACTURES & MUSCULOSKELET & CONN TISS MALIG W MCC,"$59,223.61"
Oncology,543,PATHOLOGICAL FRACTURES & MUSCULOSKELET & CONN TISS MALIG W CC,"$43,151.48"
Oncology,544,PATHOLOGICAL FRACTURES & MUSCULOSKELET & CONN TISS MALIG W/O CC/MCC,"$26,387.98"
Oncology,583,MASTECTOMY FOR MALIGNANCY W/O CC/MCC,"$55,533.70"
Oncology,584,"BREAST BIOPSY, LOCAL EXCISION & OTHER BREAST PROCEDURES W CC/MCC","$41,285.77"
Oncology,585,"BREAST BIOPSY, LOCAL EXCISION & OTHER BREAST PROCEDURES W/O CC/MCC","$45,684.47"
Oncology,597,MALIGNANT BREAST DISORDERS W MCC,"$80,150.04"
Oncology,598,MALIGNANT BREAST DISORDERS W CC,"$68,201.88"
Oncology,711,TESTES PROCEDURES W CC/MCC,"$71,169.67"
Oncology,715,OTHER MALE REPRODUCTIVE SYSTEM O.R. PROC FOR MALIGNANCY W CC/MCC,"$60,894.99"
Oncology,722,"MALIGNANCY, MALE REPRODUCTIVE SYSTEM W MCC","$44,608.97"
Oncology,723,"MALIGNANCY, MALE REPRODUCTIVE SYSTEM W CC","$80,817.28"
Oncology,736,UTERINE & ADNEXA PROC FOR OVARIAN OR ADNEXAL MALIGNANCY W MCC,"$139,336.23"
Oncology,737,UTERINE & ADNEXA PROC FOR OVARIAN OR ADNEXAL MALIGNANCY W CC,"$83,764.17"
Oncology,738,UTERINE & ADNEXA PROC FOR OVARIAN OR ADNEXAL MALIGNANCY W/O CC/MCC,"$92,179.65"
Oncology,740,"UTERINE,ADNEXA PROC FOR NON-OVARIAN/ADNEXAL MALIG W CC","$92,155.02"
Oncology,741,"UTERINE,ADNEXA PROC FOR NON-OVARIAN/ADNEXAL MALIG W/O CC/MCC","$77,735.96"
Oncology,754,"MALIGNANCY, FEMALE REPRODUCTIVE SYSTEM W MCC","$43,456.47"
Oncology,755,"MALIGNANCY, FEMALE REPRODUCTIVE SYSTEM W CC","$45,609.67"
Oncology,756,"MALIGNANCY, FEMALE REPRODUCTIVE SYSTEM W/O CC/MCC","$32,234.05"
Oncology,808,MAJOR HEMATOL/IMMUN DIAG EXC SICKLE CELL CRISIS & COAGUL W MCC,"$77,590.36"
Oncology,809,MAJOR HEMATOL/IMMUN DIAG EXC SICKLE CELL CRISIS & COAGUL W CC,"$43,281.88"
Oncology,810,MAJOR HEMATOL/IMMUN DIAG EXC SICKLE CELL CRISIS & COAGUL W/O CC/MCC,"$29,324.85"
Oncology,811,RED BLOOD CELL DISORDERS W MCC,"$49,736.27"
Oncology,812,RED BLOOD CELL DISORDERS W/O MCC,"$25,232.47"
Oncology,813,COAGULATION DISORDERS,"$76,483.07"
Oncology,814,RETICULOENDOTHELIAL & IMMUNITY DISORDERS W MCC,"$89,828.51"
Oncology,815,RETICULOENDOTHELIAL & IMMUNITY DISORDERS W CC,"$29,763.77"
Oncology,816,RETICULOENDOTHELIAL & IMMUNITY DISORDERS W/O CC/MCC,"$28,510.68"
Oncology,820,LYMPHOMA & LEUKEMIA W MAJOR O.R. PROCEDURE W MCC,"$203,013.10"
Oncology,821,LYMPHOMA & LEUKEMIA W MAJOR O.R. PROCEDURE W CC,"$56,587.20"
Oncology,822,LYMPHOMA & LEUKEMIA W MAJOR O.R. PROCEDURE W/O CC/MCC,"$51,796.39"
Oncology,823,LYMPHOMA & NON-ACUTE LEUKEMIA W OTHER PROC W MCC,"$272,256.47"
Oncology,824,LYMPHOMA & NON-ACUTE LEUKEMIA W OTHER PROC W CC,"$126,221.97"
Oncology,825,LYMPHOMA & NON-ACUTE LEUKEMIA W OTHER PROC W/O CC/MCC,"$39,627.71"
Oncology,826,MYELOPROLIF DISORD OR POORLY DIFF NEOPL W MAJ O.R. PROC W MCC,"$227,291.40"
Oncology,827,MYELOPROLIF DISORD OR POORLY DIFF NEOPL W MAJ O.R. PROC W CC,"$70,791.35"
Oncology,828,MYELOPROLIF DISORD OR POORLY DIFF NEOPL W MAJ O.R. PROC W/O CC/MCC,"$68,645.75"
Oncology,829,MYELOPROLIFERATIVE DISORDERS OR POORLY DIFFERENTIATED NEOPLASMS W OTHER  PROCEDURE W CC/MCC,"$120,528.58"
Oncology,830,MYELOPROLIFERATIVE DISORDERS OR POORLY DIFFERENTIATED NEOPLASMS W OTHER  PROCEDURE W/O CC/MCC,"$42,627.31"
Oncology,834,ACUTE LEUKEMIA W/O MAJOR O.R. PROCEDURE W MCC,"$245,776.30"
Oncology,835,ACUTE LEUKEMIA W/O MAJOR O.R. PROCEDURE W CC,"$159,901.71"
Oncology,836,ACUTE LEUKEMIA W/O MAJOR O.R. PROCEDURE W/O CC/MCC,"$16,997.61"
Oncology,837,CHEMO W ACUTE LEUKEMIA AS SDX OR W HIGH DOSE CHEMO AGENT W MCC,"$157,569.54"
Oncology,838,CHEMO W ACUTE LEUKEMIA AS SDX W CC OR HIGH DOSE CHEMO AGENT,"$73,235.36"
Oncology,839,CHEMO W ACUTE LEUKEMIA AS SDX W/O CC/MCC,"$30,338.90"
Oncology,840,LYMPHOMA & NON-ACUTE LEUKEMIA W MCC,"$149,537.57"
Oncology,841,LYMPHOMA & NON-ACUTE LEUKEMIA W CC,"$68,687.81"
Oncology,842,LYMPHOMA & NON-ACUTE LEUKEMIA W/O CC/MCC,"$44,833.28"
Oncology,843,OTHER MYELOPROLIF DIS OR POORLY DIFF NEOPL DIAG W MCC,"$91,895.17"
Oncology,844,OTHER MYELOPROLIF DIS OR POORLY DIFF NEOPL DIAG W CC,"$48,703.54"
Oncology,845,OTHER MYELOPROLIF DIS OR POORLY DIFF NEOPL DIAG W/O CC/MCC,"$58,107.26"
Oncology,846,CHEMOTHERAPY W/O ACUTE LEUKEMIA AS SECONDARY DIAGNOSIS W MCC,"$62,714.09"
Oncology,847,CHEMOTHERAPY W/O ACUTE LEUKEMIA AS SECONDARY DIAGNOSIS W CC,"$52,370.09"
Oncology,848,CHEMOTHERAPY W/O ACUTE LEUKEMIA AS SECONDARY DIAGNOSIS W/O CC/MCC,"$25,027.16"
Oncology,016,AUTOLOGOUS BONE MARROW TRANSPLANT W CC/MCC,"$195,367.15"
Oncology,017,AUTOLOGOUS BONE MARROW TRANSPLANT W/O CC/MCC,"$127,945.37"
Orthopedics,461,BILATERAL OR MULTIPLE MAJOR JOINT PROCS OF LOWER EXTREMITY W MCC,"$156,607.52"
Orthopedics,462,BILATERAL OR MULTIPLE MAJOR JOINT PROCS OF LOWER EXTREMITY W/O MCC,"$118,016.41"
Orthopedics,463,"WND DEBRID & SKN GRFT EXC HAND, FOR MUSCULO-CONN TISS DIS W MCC","$103,098.25"
Orthopedics,464,"WND DEBRID & SKN GRFT EXC HAND, FOR MUSCULO-CONN TISS DIS W CC","$107,378.42"
Orthopedics,465,"WND DEBRID & SKN GRFT EXC HAND, FOR MUSCULO-CONN TISS DIS W/O CC/MCC","$64,985.35"
Orthopedics,466,REVISION OF HIP OR KNEE REPLACEMENT W MCC,"$182,174.23"
Orthopedics,467,REVISION OF HIP OR KNEE REPLACEMENT W CC,"$159,120.57"
Orthopedics,468,REVISION OF HIP OR KNEE REPLACEMENT W/O CC/MCC,"$129,564.98"
Orthopedics,469,MAJOR HIP AND KNEE JOINT REPLACEMENT OR REATTACHMENT OF LOWER EXTREMITY W MCC OR TOTAL ANKLE REPLACEMENT,"$103,536.10"
Orthopedics,470,MAJOR HIP AND KNEE JOINT REPLACEMENT OR REATTACHMENT OF LOWER EXTREMITY W/O MCC,"$69,838.60"
Orthopedics,474,AMPUTATION FOR MUSCULOSKELETAL SYS & CONN TISSUE DIS W MCC,"$92,854.02"
Orthopedics,475,AMPUTATION FOR MUSCULOSKELETAL SYS & CONN TISSUE DIS W CC,"$63,349.26"
Orthopedics,476,AMPUTATION FOR MUSCULOSKELETAL SYS & CONN TISSUE DIS W/O CC/MCC,"$20,160.59"
Orthopedics,477,BIOPSIES OF MUSCULOSKELETAL SYSTEM & CONNECTIVE TISSUE W MCC,"$88,743.48"
Orthopedics,478,BIOPSIES OF MUSCULOSKELETAL SYSTEM & CONNECTIVE TISSUE W CC,"$68,592.57"
Orthopedics,479,BIOPSIES OF MUSCULOSKELETAL SYSTEM & CONNECTIVE TISSUE W/O CC/MCC,"$60,733.41"
Orthopedics,480,HIP & FEMUR PROCEDURES EXCEPT MAJOR JOINT W MCC,"$92,453.79"
Orthopedics,481,HIP & FEMUR PROCEDURES EXCEPT MAJOR JOINT W CC,"$72,481.69"
Orthopedics,482,HIP & FEMUR PROCEDURES EXCEPT MAJOR JOINT W/O CC/MCC,"$48,468.62"
Orthopedics,483,MAJOR JOINT/LIMB REATTACHMENT PROCEDURE OF UPPER EXTREMITIES,"$84,667.11"
Orthopedics,485,KNEE PROCEDURES W PDX OF INFECTION W MCC,"$110,262.13"
Orthopedics,486,KNEE PROCEDURES W PDX OF INFECTION W CC,"$88,890.41"
Orthopedics,487,KNEE PROCEDURES W PDX OF INFECTION W/O CC/MCC,"$63,626.46"
Orthopedics,488,KNEE PROCEDURES W/O PDX OF INFECTION W CC/MCC,"$87,390.21"
Orthopedics,489,KNEE PROCEDURES W/O PDX OF INFECTION W/O CC/MCC,"$50,448.89"
Orthopedics,492,"LOWER EXTREM & HUMER PROC EXCEPT HIP,FOOT,FEMUR W MCC","$122,784.63"
Orthopedics,493,"LOWER EXTREM & HUMER PROC EXCEPT HIP,FOOT,FEMUR W CC","$78,728.70"
Orthopedics,494,"LOWER EXTREM & HUMER PROC EXCEPT HIP,FOOT,FEMUR W/O CC/MCC","$51,751.96"
Orthopedics,495,LOCAL EXCISION & REMOVAL INT FIX DEVICES EXC HIP & FEMUR W MCC,"$80,274.09"
Orthopedics,496,LOCAL EXCISION & REMOVAL INT FIX DEVICES EXC HIP & FEMUR W CC,"$47,637.75"
Orthopedics,497,LOCAL EXCISION & REMOVAL INT FIX DEVICES EXC HIP & FEMUR W/O CC/MCC,"$51,443.89"
Orthopedics,498,LOCAL EXCISION & REMOVAL INT FIX DEVICES OF HIP & FEMUR W CC/MCC,"$46,444.03"
Orthopedics,499,LOCAL EXCISION & REMOVAL INT FIX DEVICES OF HIP & FEMUR W/O CC/MCC,"$27,347.18"
Orthopedics,500,SOFT TISSUE PROCEDURES W MCC,"$60,618.83"
Orthopedics,501,SOFT TISSUE PROCEDURES W CC,"$56,881.47"
Orthopedics,502,SOFT TISSUE PROCEDURES W/O CC/MCC,"$30,437.00"
Orthopedics,503,FOOT PROCEDURES W MCC,"$297,821.82"
Orthopedics,504,FOOT PROCEDURES W CC,"$71,796.68"
Orthopedics,505,FOOT PROCEDURES W/O CC/MCC,"$45,306.76"
Orthopedics,507,MAJOR SHOULDER OR ELBOW JOINT PROCEDURES W CC/MCC,"$50,494.39"
Orthopedics,509,ARTHROSCOPY,"$35,710.76"
Orthopedics,510,"SHOULDER,ELBOW OR FOREARM PROC,EXC MAJOR JOINT PROC W MCC","$91,753.48"
Orthopedics,511,"SHOULDER,ELBOW OR FOREARM PROC,EXC MAJOR JOINT PROC W CC","$57,799.03"
Orthopedics,512,"SHOULDER,ELBOW OR FOREARM PROC,EXC MAJOR JOINT PROC W/O CC/MCC","$39,501.65"
Orthopedics,513,"HAND OR WRIST PROC, EXCEPT MAJOR THUMB OR JOINT PROC W CC/MCC","$31,623.45"
Orthopedics,514,"HAND OR WRIST PROC, EXCEPT MAJOR THUMB OR JOINT PROC W/O CC/MCC","$29,808.53"
Orthopedics,515,OTHER MUSCULOSKELET SYS & CONN TISS O.R. PROC W MCC,"$100,351.93"
Orthopedics,516,OTHER MUSCULOSKELET SYS & CONN TISS O.R. PROC W CC,"$67,857.68"
Orthopedics,517,OTHER MUSCULOSKELET SYS & CONN TISS O.R. PROC W/O CC/MCC,"$39,777.55"
Orthopedics,534,FRACTURES OF FEMUR W/O MCC,"$12,227.62"
Orthopedics,535,FRACTURES OF HIP & PELVIS W MCC,"$55,923.03"
Orthopedics,536,FRACTURES OF HIP & PELVIS W/O MCC,"$18,279.83"
Orthopedics,537,"SPRAINS, STRAINS, & DISLOCATIONS OF HIP, PELVIS & THIGH W CC/MCC","$28,055.97"
Orthopedics,538,"SPRAINS, STRAINS, & DISLOCATIONS OF HIP, PELVIS & THIGH W/O CC/MCC","$17,680.09"
Orthopedics,539,OSTEOMYELITIS W MCC,"$29,443.46"
Orthopedics,540,OSTEOMYELITIS W CC,"$44,457.34"
Orthopedics,541,OSTEOMYELITIS W/O CC/MCC,"$38,935.08"
Orthopedics,553,BONE DISEASES & ARTHROPATHIES W MCC,"$47,314.70"
Orthopedics,554,BONE DISEASES & ARTHROPATHIES W/O MCC,"$22,968.44"
Orthopedics,555,SIGNS & SYMPTOMS OF MUSCULOSKELETAL SYSTEM & CONN TISSUE W MCC,"$39,715.28"
Orthopedics,556,SIGNS & SYMPTOMS OF MUSCULOSKELETAL SYSTEM & CONN TISSUE W/O MCC,"$30,380.49"
Orthopedics,557,"TENDONITIS, MYOSITIS & BURSITIS W MCC","$78,851.83"
Orthopedics,558,"TENDONITIS, MYOSITIS & BURSITIS W/O MCC","$21,910.18"
Orthopedics,559,"AFTERCARE, MUSCULOSKELETAL SYSTEM & CONNECTIVE TISSUE W MCC","$35,758.01"
Orthopedics,560,"AFTERCARE, MUSCULOSKELETAL SYSTEM & CONNECTIVE TISSUE W CC","$38,837.26"
Orthopedics,561,"AFTERCARE, MUSCULOSKELETAL SYSTEM & CONNECTIVE TISSUE W/O CC/MCC","$22,920.49"
Orthopedics,562,"FX, SPRN, STRN & DISL EXCEPT FEMUR, HIP, PELVIS & THIGH W MCC","$56,254.37"
Orthopedics,563,"FX, SPRN, STRN & DISL EXCEPT FEMUR, HIP, PELVIS & THIGH W/O MCC","$22,126.58"
Orthopedics,564,OTHER MUSCULOSKELETAL SYS & CONNECTIVE TISSUE DIAGNOSES W MCC,"$42,005.06"
Orthopedics,565,OTHER MUSCULOSKELETAL SYS & CONNECTIVE TISSUE DIAGNOSES W CC,"$36,806.76"
Orthopedics,566,OTHER MUSCULOSKELETAL SYS & CONNECTIVE TISSUE DIAGNOSES W/O CC/MCC,"$16,928.04"
Orthopedics,906,HAND PROCEDURES FOR INJURIES,"$27,575.63"
Orthopedics,956,"LIMB REATTACHMENT, HIP & FEMUR PROC FOR MULTIPLE SIGNIFICANT TRAUMA","$252,842.94"
Orthopedics,518,BACK & NECK PROC EXC SPINAL FUSION W MCC OR DISC DEVICE/NEUROSTIM,"$74,110.31"
Orthopedics,519,BACK & NECK PROC EXC SPINAL FUSION W CC,"$71,403.56"
Orthopedics,520,BACK & NECK PROC EXC SPINAL FUSION W/O CC/MCC,"$63,010.63"
Other,998,PRINCIPAL DIAGNOSIS INVALID AS DISCHARGE DIAGNOSIS,"$14,140.02"
Other,999,UNGROUPABLE,"$40,644.72"
Medical,157,DENTAL & ORAL DISEASES W MCC,"$62,373.06"
Medical,158,DENTAL & ORAL DISEASES W CC,"$29,497.62"
Medical,159,DENTAL & ORAL DISEASES W/O CC/MCC,"$17,128.73"
Medical,175,PULMONARY EMBOLISM W MCC,"$55,311.57"
Medical,176,PULMONARY EMBOLISM W/O MCC,"$32,566.62"
Medical,177,RESPIRATORY INFECTIONS & INFLAMMATIONS W MCC,"$66,519.07"
Medical,178,RESPIRATORY INFECTIONS & INFLAMMATIONS W CC,"$42,973.01"
Medical,179,RESPIRATORY INFECTIONS & INFLAMMATIONS W/O CC/MCC,"$28,124.90"
Medical,186,PLEURAL EFFUSION W MCC,"$68,529.04"
Medical,187,PLEURAL EFFUSION W CC,"$44,214.15"
Medical,188,PLEURAL EFFUSION W/O CC/MCC,"$31,029.70"
Medical,189,PULMONARY EDEMA & RESPIRATORY FAILURE,"$42,815.59"
Medical,190,CHRONIC OBSTRUCTIVE PULMONARY DISEASE W MCC,"$40,124.25"
Medical,191,CHRONIC OBSTRUCTIVE PULMONARY DISEASE W CC,"$30,120.76"
Medical,192,CHRONIC OBSTRUCTIVE PULMONARY DISEASE W/O CC/MCC,"$23,857.48"
Medical,193,SIMPLE PNEUMONIA & PLEURISY W MCC,"$52,100.47"
Medical,194,SIMPLE PNEUMONIA & PLEURISY W CC,"$31,392.49"
Medical,195,SIMPLE PNEUMONIA & PLEURISY W/O CC/MCC,"$18,286.12"
Medical,196,INTERSTITIAL LUNG DISEASE W MCC,"$65,296.42"
Medical,197,INTERSTITIAL LUNG DISEASE W CC,"$42,781.31"
Medical,198,INTERSTITIAL LUNG DISEASE W/O CC/MCC,"$4,190.21"
Medical,199,PNEUMOTHORAX W MCC,"$71,197.94"
Medical,200,PNEUMOTHORAX W CC,"$36,754.19"
Medical,201,PNEUMOTHORAX W/O CC/MCC,"$21,559.44"
Medical,202,BRONCHITIS & ASTHMA W CC/MCC,"$23,703.24"
Medical,203,BRONCHITIS & ASTHMA W/O CC/MCC,"$10,167.80"
Medical,204,RESPIRATORY SIGNS & SYMPTOMS,"$19,497.05"
Medical,205,OTHER RESPIRATORY SYSTEM DIAGNOSES W MCC,"$43,427.00"
Medical,206,OTHER RESPIRATORY SYSTEM DIAGNOSES W/O MCC,"$26,140.60"
Medical,207,RESPIRATORY SYSTEM DIAGNOSIS W VENTILATOR SUPPORT >96 HOURS,"$217,409.61"
Medical,208,RESPIRATORY SYSTEM DIAGNOSIS W VENTILATOR SUPPORT <=96 HOURS,"$77,940.31"
Medical,368,MAJOR ESOPHAGEAL DISORDERS W MCC,"$54,787.99"
Medical,369,MAJOR ESOPHAGEAL DISORDERS W CC,"$34,085.27"
Medical,370,MAJOR ESOPHAGEAL DISORDERS W/O CC/MCC,"$23,128.60"
Medical,371,MAJOR GASTROINTESTINAL DISORDERS & PERITONEAL INFECTIONS W MCC,"$66,829.56"
Medical,372,MAJOR GASTROINTESTINAL DISORDERS & PERITONEAL INFECTIONS W CC,"$34,474.71"
Medical,373,MAJOR GASTROINTESTINAL DISORDERS & PERITONEAL INFECTIONS W/O CC/MCC,"$23,851.95"
Medical,377,G.I. HEMORRHAGE W MCC,"$62,516.56"
Medical,378,G.I. HEMORRHAGE W CC,"$36,409.49"
Medical,379,G.I. HEMORRHAGE W/O CC/MCC,"$23,547.90"
Medical,380,COMPLICATED PEPTIC ULCER W MCC,"$76,723.50"
Medical,381,COMPLICATED PEPTIC ULCER W CC,"$35,345.58"
Medical,382,COMPLICATED PEPTIC ULCER W/O CC/MCC,"$26,684.91"
Medical,383,UNCOMPLICATED PEPTIC ULCER W MCC,"$30,073.86"
Medical,384,UNCOMPLICATED PEPTIC ULCER W/O MCC,"$22,704.60"
Medical,385,INFLAMMATORY BOWEL DISEASE W MCC,"$43,618.89"
Medical,386,INFLAMMATORY BOWEL DISEASE W CC,"$30,427.16"
Medical,387,INFLAMMATORY BOWEL DISEASE W/O CC/MCC,"$25,632.94"
Medical,388,G.I. OBSTRUCTION W MCC,"$56,904.48"
Medical,389,G.I. OBSTRUCTION W CC,"$26,594.33"
Medical,390,G.I. OBSTRUCTION W/O CC/MCC,"$20,350.46"
Medical,391,"ESOPHAGITIS, GASTROENT & MISC DIGEST DISORDERS W MCC","$44,796.19"
Medical,392,"ESOPHAGITIS, GASTROENT & MISC DIGEST DISORDERS W/O MCC","$19,925.01"
Medical,393,OTHER DIGESTIVE SYSTEM DIAGNOSES W MCC,"$50,515.99"
Medical,394,OTHER DIGESTIVE SYSTEM DIAGNOSES W CC,"$29,226.56"
Medical,395,OTHER DIGESTIVE SYSTEM DIAGNOSES W/O CC/MCC,"$16,748.32"
Medical,432,CIRRHOSIS & ALCOHOLIC HEPATITIS W MCC,"$56,406.22"
Medical,433,CIRRHOSIS & ALCOHOLIC HEPATITIS W CC,"$33,637.33"
Medical,434,CIRRHOSIS & ALCOHOLIC HEPATITIS W/O CC/MCC,"$25,727.95"
Medical,438,DISORDERS OF PANCREAS EXCEPT MALIGNANCY W MCC,"$50,369.74"
Medical,439,DISORDERS OF PANCREAS EXCEPT MALIGNANCY W CC,"$26,504.14"
Medical,440,DISORDERS OF PANCREAS EXCEPT MALIGNANCY W/O CC/MCC,"$19,408.56"
Medical,441,"DISORDERS OF LIVER EXCEPT MALIG,CIRR,ALC HEPA W MCC","$64,715.77"
Medical,442,"DISORDERS OF LIVER EXCEPT MALIG,CIRR,ALC HEPA W CC","$29,450.90"
Medical,443,"DISORDERS OF LIVER EXCEPT MALIG,CIRR,ALC HEPA W/O CC/MCC","$19,965.07"
Medical,444,DISORDERS OF THE BILIARY TRACT W MCC,"$73,486.32"
Medical,445,DISORDERS OF THE BILIARY TRACT W CC,"$45,151.83"
Medical,446,DISORDERS OF THE BILIARY TRACT W/O CC/MCC,"$28,993.92"
Medical,545,CONNECTIVE TISSUE DISORDERS W MCC,"$73,254.24"
Medical,546,CONNECTIVE TISSUE DISORDERS W CC,"$36,959.08"
Medical,547,CONNECTIVE TISSUE DISORDERS W/O CC/MCC,"$25,268.20"
Medical,548,SEPTIC ARTHRITIS W MCC,"$95,839.03"
Medical,549,SEPTIC ARTHRITIS W CC,"$44,142.45"
Medical,550,SEPTIC ARTHRITIS W/O CC/MCC,"$25,808.35"
Medical,592,SKIN ULCERS W MCC,"$78,469.17"
Medical,593,SKIN ULCERS W CC,"$28,845.45"
Medical,595,MAJOR SKIN DISORDERS W MCC,"$95,169.26"
Medical,596,MAJOR SKIN DISORDERS W/O MCC,"$30,692.51"
Medical,600,NON-MALIGNANT BREAST DISORDERS W CC/MCC,"$35,670.46"
Medical,601,NON-MALIGNANT BREAST DISORDERS W/O CC/MCC,"$12,012.13"
Medical,602,CELLULITIS W MCC,"$47,588.21"
Medical,603,CELLULITIS W/O MCC,"$22,814.17"
Medical,604,"TRAUMA TO THE SKIN, SUBCUT TISS & BREAST W MCC","$57,730.67"
Medical,605,"TRAUMA TO THE SKIN, SUBCUT TISS & BREAST W/O MCC","$29,349.32"
Medical,606,MINOR SKIN DISORDERS W MCC,"$48,710.23"
Medical,607,MINOR SKIN DISORDERS W/O MCC,"$20,958.14"
Medical,637,DIABETES W MCC,"$54,811.12"
Medical,638,DIABETES W CC,"$27,681.63"
Medical,639,DIABETES W/O CC/MCC,"$17,216.13"
Medical,640,"MISC DISORDERS OF NUTRITION,METABOLISM,FLUIDS/ELECTROLYTES W MCC","$37,491.67"
Medical,641,"MISC DISORDERS OF NUTRITION,METABOLISM,FLUIDS/ELECTROLYTES W/O MCC","$21,992.89"
Medical,642,INBORN AND OTHER DISORDERS OF METABOLISM,"$47,648.94"
Medical,643,ENDOCRINE DISORDERS W MCC,"$57,812.91"
Medical,644,ENDOCRINE DISORDERS W CC,"$35,120.93"
Medical,645,ENDOCRINE DISORDERS W/O CC/MCC,"$22,865.87"
Medical,682,RENAL FAILURE W MCC,"$52,562.12"
Medical,683,RENAL FAILURE W CC,"$27,632.50"
Medical,684,RENAL FAILURE W/O CC/MCC,"$21,086.60"
Medical,862,POSTOPERATIVE & POST-TRAUMATIC INFECTIONS W MCC,"$57,483.17"
Medical,863,POSTOPERATIVE & POST-TRAUMATIC INFECTIONS W/O MCC,"$32,825.52"
Medical,864,FEVER,"$26,885.11"
Medical,865,VIRAL ILLNESS W MCC,"$16,019.22"
Medical,866,VIRAL ILLNESS W/O MCC,"$19,623.54"
Medical,867,OTHER INFECTIOUS & PARASITIC DISEASES DIAGNOSES W MCC,"$67,620.90"
Medical,868,OTHER INFECTIOUS & PARASITIC DISEASES DIAGNOSES W CC,"$46,911.78"
Medical,869,OTHER INFECTIOUS & PARASITIC DISEASES DIAGNOSES W/O CC/MCC,"$27,521.80"
Medical,870,SEPTICEMIA OR SEVERE SEPSIS W MV >96 HOURS,"$244,971.17"
Medical,871,SEPTICEMIA OR SEVERE SEPSIS W/O MV >96 HOURS W MCC,"$69,169.01"
Medical,872,SEPTICEMIA OR SEVERE SEPSIS W/O MV >96 HOURS W/O MCC,"$37,514.23"
Medical,913,TRAUMATIC INJURY W MCC,"$39,598.10"
Medical,914,TRAUMATIC INJURY W/O MCC,"$23,484.33"
Medical,915,ALLERGIC REACTIONS W MCC,"$75,059.49"
Medical,916,ALLERGIC REACTIONS W/O MCC,"$13,932.80"
Medical,917,POISONING & TOXIC EFFECTS OF DRUGS W MCC,"$42,415.88"
Medical,918,POISONING & TOXIC EFFECTS OF DRUGS W/O MCC,"$18,329.41"
Medical,919,COMPLICATIONS OF TREATMENT W MCC,"$60,506.23"
Medical,920,COMPLICATIONS OF TREATMENT W CC,"$33,822.75"
Medical,921,COMPLICATIONS OF TREATMENT W/O CC/MCC,"$25,613.64"
Medical,922,"OTHER INJURY, POISONING & TOXIC EFFECT DIAG W MCC","$102,843.33"
Medical,923,"OTHER INJURY, POISONING & TOXIC EFFECT DIAG W/O MCC","$18,042.69"
Medical,947,SIGNS & SYMPTOMS W MCC,"$46,251.97"
Medical,948,SIGNS & SYMPTOMS W/O MCC,"$29,222.82"
Medical,949,AFTERCARE W CC/MCC,"$26,713.92"
Medical,950,AFTERCARE W/O CC/MCC,"$65,725.62"
Medical,951,OTHER FACTORS INFLUENCING HEALTH STATUS,"$10,592.47"
Medical,963,OTHER MULTIPLE SIGNIFICANT TRAUMA W MCC,"$127,976.32"
Medical,964,OTHER MULTIPLE SIGNIFICANT TRAUMA W CC,"$56,843.38"
Medical,965,OTHER MULTIPLE SIGNIFICANT TRAUMA W/O CC/MCC,"$33,122.02"
Medical,974,HIV W MAJOR RELATED CONDITION W MCC,"$108,008.91"
Medical,975,HIV W MAJOR RELATED CONDITION W CC,"$39,408.67"
Medical,976,HIV W MAJOR RELATED CONDITION W/O CC/MCC,"$23,673.39"
Medical,977,HIV W OR W/O OTHER RELATED CONDITION,"$60,983.93"
Neurosciences,023,CRANIOTOMY W MAJOR DEVICE IMPLANT OR ACUTE CNS PDX W MCC OR CHEMOTHERAPY IMPLANT OR EPILEPSY W NEUROSTIMULATOR,"$202,981.79"
Neurosciences,024,CRANIO W MAJOR DEV IMPL/ACUTE COMPLEX CNS PDX W/O MCC,"$133,604.96"
Neurosciences,025,CRANIOTOMY & ENDOVASCULAR INTRACRANIAL PROCEDURES W MCC,"$141,711.57"
Neurosciences,026,CRANIOTOMY & ENDOVASCULAR INTRACRANIAL PROCEDURES W CC,"$115,818.17"
Neurosciences,027,CRANIOTOMY & ENDOVASCULAR INTRACRANIAL PROCEDURES W/O CC/MCC,"$103,683.83"
Neurosciences,028,SPINAL PROCEDURES W MCC,"$240,188.03"
Neurosciences,029,SPINAL PROCEDURES W CC OR SPINAL NEUROSTIMULATORS,"$142,728.79"
Neurosciences,030,SPINAL PROCEDURES W/O CC/MCC,"$66,970.99"
Neurosciences,031,VENTRICULAR SHUNT PROCEDURES W MCC,"$159,367.48"
Neurosciences,032,VENTRICULAR SHUNT PROCEDURES W CC,"$104,440.82"
Neurosciences,033,VENTRICULAR SHUNT PROCEDURES W/O CC/MCC,"$75,598.38"
Neurosciences,040,PERIPH/CRANIAL NERVE & OTHER NERV SYST PROC W MCC,"$135,380.70"
Neurosciences,041,PERIPH/CRANIAL NERVE & OTHER NERV SYST PROC W CC OR PERIPH NEUROSTIM,"$103,926.00"
Neurosciences,042,PERIPH/CRANIAL NERVE & OTHER NERV SYST PROC W/O CC/MCC,"$50,794.36"
Neurosciences,052,SPINAL DISORDERS & INJURIES W CC/MCC,"$46,130.86"
Neurosciences,053,SPINAL DISORDERS & INJURIES W/O CC/MCC,"$39,686.70"
Neurosciences,056,DEGENERATIVE NERVOUS SYSTEM DISORDERS W MCC,"$92,628.03"
Neurosciences,057,DEGENERATIVE NERVOUS SYSTEM DISORDERS W/O MCC,"$45,899.32"
Neurosciences,058,MULTIPLE SCLEROSIS & CEREBELLAR ATAXIA W MCC,"$79,634.96"
Neurosciences,059,MULTIPLE SCLEROSIS & CEREBELLAR ATAXIA W CC,"$39,385.44"
Neurosciences,060,MULTIPLE SCLEROSIS & CEREBELLAR ATAXIA W/O CC/MCC,"$34,428.27"
Neurosciences,061,"ISCHEMIC STROKE, PRECEREBRAL OCCLUSION OR TRANSIENT ISCHEMIA W THROMBOLYTIC AGENT W MCC","$103,964.23"
Neurosciences,062,"ISCHEMIC STROKE, PRECEREBRAL OCCLUSION OR TRANSIENT ISCHEMIA W THROMBOLYTIC AGENT W CC","$75,135.90"
Neurosciences,064,INTRACRANIAL HEMORRHAGE OR CEREBRAL INFARCTION W MCC,"$70,067.34"
Neurosciences,065,INTRACRANIAL HEMORRHAGE OR CEREBRAL INFARCTION W CC OR TPA IN 24 HRS,"$44,707.18"
Neurosciences,066,INTRACRANIAL HEMORRHAGE OR CEREBRAL INFARCTION W/O CC/MCC,"$35,949.94"
Neurosciences,067,NONSPECIFIC CVA & PRECEREBRAL OCCLUSION W/O INFARCT W MCC,"$66,937.35"
Neurosciences,068,NONSPECIFIC CVA & PRECEREBRAL OCCLUSION W/O INFARCT W/O MCC,"$36,027.96"
Neurosciences,069,TRANSIENT ISCHEMIA W/O THROMBOLYTIC,"$36,752.29"
Neurosciences,070,NONSPECIFIC CEREBROVASCULAR DISORDERS W MCC,"$57,485.99"
Neurosciences,071,NONSPECIFIC CEREBROVASCULAR DISORDERS W CC,"$37,431.66"
Neurosciences,072,NONSPECIFIC CEREBROVASCULAR DISORDERS W/O CC/MCC,"$29,086.83"
Neurosciences,073,CRANIAL & PERIPHERAL NERVE DISORDERS W MCC,"$60,912.24"
Neurosciences,074,CRANIAL & PERIPHERAL NERVE DISORDERS W/O MCC,"$39,727.18"
Neurosciences,075,VIRAL MENINGITIS W CC/MCC,"$29,267.04"
Neurosciences,076,VIRAL MENINGITIS W/O CC/MCC,"$15,454.80"
Neurosciences,077,HYPERTENSIVE ENCEPHALOPATHY W MCC,"$38,862.74"
Neurosciences,078,HYPERTENSIVE ENCEPHALOPATHY W CC,"$28,142.95"
Neurosciences,080,NONTRAUMATIC STUPOR & COMA W MCC,"$72,584.26"
Neurosciences,081,NONTRAUMATIC STUPOR & COMA W/O MCC,"$30,876.73"
Neurosciences,082,"TRAUMATIC STUPOR & COMA, COMA >1 HR W MCC","$92,810.19"
Neurosciences,083,"TRAUMATIC STUPOR & COMA, COMA >1 HR W CC","$44,782.28"
Neurosciences,084,"TRAUMATIC STUPOR & COMA, COMA >1 HR W/O CC/MCC","$30,379.25"
Neurosciences,085,"TRAUMATIC STUPOR & COMA, COMA <1 HR W MCC","$72,135.52"
Neurosciences,086,"TRAUMATIC STUPOR & COMA, COMA <1 HR W CC","$45,735.08"
Neurosciences,087,"TRAUMATIC STUPOR & COMA, COMA <1 HR W/O CC/MCC","$28,186.25"
Neurosciences,088,CONCUSSION W MCC,"$41,658.99"
Neurosciences,089,CONCUSSION W CC,"$40,666.69"
Neurosciences,090,CONCUSSION W/O CC/MCC,"$20,546.40"
Neurosciences,091,OTHER DISORDERS OF NERVOUS SYSTEM W MCC,"$52,947.11"
Neurosciences,092,OTHER DISORDERS OF NERVOUS SYSTEM W CC,"$36,986.05"
Neurosciences,093,OTHER DISORDERS OF NERVOUS SYSTEM W/O CC/MCC,"$27,233.88"
Neurosciences,094,BACTERIAL & TUBERCULOUS INFECTIONS OF NERVOUS SYSTEM W MCC,"$150,935.77"
Neurosciences,095,BACTERIAL & TUBERCULOUS INFECTIONS OF NERVOUS SYSTEM W CC,"$108,480.17"
Neurosciences,096,BACTERIAL & TUBERCULOUS INFECTIONS OF NERVOUS SYSTEM W/O CC/MCC,"$94,084.20"
Neurosciences,097,NON-BACTERIAL INFECT OF NERVOUS SYS EXC VIRAL MENINGITIS W MCC,"$112,252.53"
Neurosciences,098,NON-BACTERIAL INFECT OF NERVOUS SYS EXC VIRAL MENINGITIS W CC,"$55,367.43"
Neurosciences,099,NON-BACTERIAL INFECT OF NERVOUS SYS EXC VIRAL MENINGITIS W/O CC/MCC,"$57,647.75"
Neurosciences,100,SEIZURES W MCC,"$80,829.40"
Neurosciences,101,SEIZURES W/O MCC,"$25,044.81"
Neurosciences,102,HEADACHES W MCC,"$44,989.63"
Neurosciences,103,HEADACHES W/O MCC,"$26,736.55"
Neurosciences,453,COMBINED ANTERIOR/POSTERIOR SPINAL FUSION W MCC,"$378,799.64"
Neurosciences,454,COMBINED ANTERIOR/POSTERIOR SPINAL FUSION W CC,"$225,461.68"
Neurosciences,455,COMBINED ANTERIOR/POSTERIOR SPINAL FUSION W/O CC/MCC,"$189,418.73"
Neurosciences,456,SPINAL FUS EXC CERV W SPINAL CURV/MALIG/INFEC OR EXT FUS W MCC,"$370,043.78"
Neurosciences,457,SPINAL FUS EXC CERV W SPINAL CURV/MALIG/INFEC OR EXT FUS W CC,"$230,417.81"
Neurosciences,458,SPINAL FUS EXC CERV W SPINAL CURV/MALIG/INFEC OR EXT FUS W/O CC/MCC,"$242,841.48"
Neurosciences,459,SPINAL FUSION EXCEPT CERVICAL W MCC,"$246,502.34"
Neurosciences,460,SPINAL FUSION EXCEPT CERVICAL W/O MCC,"$143,285.58"
Neurosciences,471,CERVICAL SPINAL FUSION W MCC,"$163,333.93"
Neurosciences,472,CERVICAL SPINAL FUSION W CC,"$124,366.45"
Neurosciences,473,CERVICAL SPINAL FUSION W/O CC/MCC,"$85,319.29"
Neurosciences,551,MEDICAL BACK PROBLEMS W MCC,"$55,751.45"
Neurosciences,552,MEDICAL BACK PROBLEMS W/O MCC,"$34,932.29"
Neurosciences,955,CRANIOTOMY FOR MULTIPLE SIGNIFICANT TRAUMA,"$234,403.39"
BEHAVIORAL HEALTH,880,ACUTE ADJUSTMENT REACTION & PSYCHOSOCIAL DYSFUNCTION,"$20,377.67"
BEHAVIORAL HEALTH,881,DEPRESSIVE NEUROSES,"$11,354.69"
BEHAVIORAL HEALTH,882,NEUROSES EXCEPT DEPRESSIVE,"$16,843.16"
BEHAVIORAL HEALTH,883,DISORDERS OF PERSONALITY & IMPULSE CONTROL,"$15,680.55"
BEHAVIORAL HEALTH,884,ORGANIC DISTURBANCES & INTELLECTUAL DISABILITY,"$27,856.68"
BEHAVIORAL HEALTH,885,PSYCHOSES,"$17,282.19"
BEHAVIORAL HEALTH,886,BEHAVIORAL & DEVELOPMENTAL DISORDERS,"$8,909.19"
BEHAVIORAL HEALTH,887,OTHER MENTAL DISORDER DIAGNOSES,"$15,076.41"
BEHAVIORAL HEALTH,894,"ALCOHOL/DRUG ABUSE OR DEPENDENCE, LEFT AMA","$14,489.73"
BEHAVIORAL HEALTH,896,ALCOHOL/DRUG ABUSE OR DEPENDENCE W/O REHABILITATION THERAPY W MCC,"$42,620.19"
BEHAVIORAL HEALTH,897,ALCOHOL/DRUG ABUSE OR DEPENDENCE W/O REHABILITATION THERAPY W/O MCC,"$22,929.70"
Surgical,003,"ECMO OR TRACH W MV >96 HRS OR PDX EXC FACE, MOUTH & NECK W MAJ O.R.","$733,163.10"
Surgical,004,"TRACH W MV >96 HRS OR PDX EXC FACE, MOUTH & NECK W/O MAJ O.R.","$456,795.21"
Surgical,011,"TRACHEOSTOMY FOR FACE,MOUTH & NECK DIAGNOSES W MCC","$139,172.66"
Surgical,012,"TRACHEOSTOMY FOR FACE,MOUTH & NECK DIAGNOSES W CC","$51,181.01"
Surgical,013,"TRACHEOSTOMY FOR FACE,MOUTH & NECK DIAGNOSES W/O CC/MCC","$62,449.19"
Surgical,113,ORBITAL PROCEDURES W CC/MCC,"$111,621.25"
Surgical,114,ORBITAL PROCEDURES W/O CC/MCC,"$25,718.00"
Surgical,115,EXTRAOCULAR PROCEDURES EXCEPT ORBIT,"$46,389.47"
Surgical,116,INTRAOCULAR PROCEDURES W CC/MCC,"$45,782.80"
Surgical,121,ACUTE MAJOR EYE INFECTIONS W CC/MCC,"$5,095.02"
Surgical,122,ACUTE MAJOR EYE INFECTIONS W/O CC/MCC,"$13,783.49"
Surgical,123,NEUROLOGICAL EYE DISORDERS,"$41,796.62"
Surgical,124,OTHER DISORDERS OF THE EYE W MCC,"$41,909.07"
Surgical,125,OTHER DISORDERS OF THE EYE W/O MCC,"$22,060.13"
Surgical,129,MAJOR HEAD & NECK PROCEDURES W CC/MCC OR MAJOR DEVICE,"$33,226.64"
Surgical,130,MAJOR HEAD & NECK PROCEDURES W/O CC/MCC,"$28,153.93"
Surgical,131,CRANIAL/FACIAL PROCEDURES W CC/MCC,"$84,002.77"
Surgical,132,CRANIAL/FACIAL PROCEDURES W/O CC/MCC,"$51,703.79"
Surgical,133,"OTHER EAR, NOSE, MOUTH & THROAT O.R. PROCEDURES W CC/MCC","$37,479.37"
Surgical,134,"OTHER EAR, NOSE, MOUTH & THROAT O.R. PROCEDURES W/O CC/MCC","$21,755.31"
Surgical,135,SINUS & MASTOID PROCEDURES W CC/MCC,"$52,683.68"
Surgical,137,MOUTH PROCEDURES W CC/MCC,"$32,409.05"
Surgical,138,MOUTH PROCEDURES W/O CC/MCC,"$24,906.49"
Surgical,149,DYSEQUILIBRIUM,"$29,349.01"
Surgical,150,EPISTAXIS W MCC,"$35,300.48"
Surgical,151,EPISTAXIS W/O MCC,"$27,110.65"
Surgical,152,OTITIS MEDIA & URI W MCC,"$52,781.87"
Surgical,153,OTITIS MEDIA & URI W/O MCC,"$11,677.84"
Surgical,154,"OTHER EAR, NOSE, MOUTH & THROAT DIAGNOSES W MCC","$48,364.99"
Surgical,155,"OTHER EAR, NOSE, MOUTH & THROAT DIAGNOSES W CC","$31,209.97"
Surgical,156,"OTHER EAR, NOSE, MOUTH & THROAT DIAGNOSES W/O CC/MCC","$13,706.00"
Surgical,326,"STOMACH, ESOPHAGEAL & DUODENAL PROC W MCC","$155,076.43"
Surgical,327,"STOMACH, ESOPHAGEAL & DUODENAL PROC W CC","$94,649.01"
Surgical,328,"STOMACH, ESOPHAGEAL & DUODENAL PROC W/O CC/MCC","$44,358.08"
Surgical,329,MAJOR SMALL & LARGE BOWEL PROCEDURES W MCC,"$185,113.90"
Surgical,330,MAJOR SMALL & LARGE BOWEL PROCEDURES W CC,"$91,194.30"
Surgical,331,MAJOR SMALL & LARGE BOWEL PROCEDURES W/O CC/MCC,"$66,883.63"
Surgical,333,RECTAL RESECTION W CC,"$62,112.98"
Surgical,334,RECTAL RESECTION W/O CC/MCC,"$44,567.25"
Surgical,335,PERITONEAL ADHESIOLYSIS W MCC,"$125,328.03"
Surgical,336,PERITONEAL ADHESIOLYSIS W CC,"$80,768.72"
Surgical,337,PERITONEAL ADHESIOLYSIS W/O CC/MCC,"$56,188.22"
Surgical,338,APPENDECTOMY W COMPLICATED PRINCIPAL DIAG W MCC,"$127,108.20"
Surgical,339,APPENDECTOMY W COMPLICATED PRINCIPAL DIAG W CC,"$63,621.77"
Surgical,340,APPENDECTOMY W COMPLICATED PRINCIPAL DIAG W/O CC/MCC,"$39,445.81"
Surgical,341,APPENDECTOMY W/O COMPLICATED PRINCIPAL DIAG W MCC,"$44,674.33"
Surgical,342,APPENDECTOMY W/O COMPLICATED PRINCIPAL DIAG W CC,"$38,735.34"
Surgical,343,APPENDECTOMY W/O COMPLICATED PRINCIPAL DIAG W/O CC/MCC,"$27,795.47"
Surgical,344,MINOR SMALL & LARGE BOWEL PROCEDURES W MCC,"$70,199.55"
Surgical,345,MINOR SMALL & LARGE BOWEL PROCEDURES W CC,"$87,454.48"
Surgical,346,MINOR SMALL & LARGE BOWEL PROCEDURES W/O CC/MCC,"$39,521.45"
Surgical,348,ANAL & STOMAL PROCEDURES W CC,"$47,264.78"
Surgical,349,ANAL & STOMAL PROCEDURES W/O CC/MCC,"$37,161.32"
Surgical,350,INGUINAL & FEMORAL HERNIA PROCEDURES W MCC,"$46,778.42"
Surgical,351,INGUINAL & FEMORAL HERNIA PROCEDURES W CC,"$45,989.69"
Surgical,352,INGUINAL & FEMORAL HERNIA PROCEDURES W/O CC/MCC,"$24,925.98"
Surgical,353,HERNIA PROCEDURES EXCEPT INGUINAL & FEMORAL W MCC,"$92,293.04"
Surgical,354,HERNIA PROCEDURES EXCEPT INGUINAL & FEMORAL W CC,"$69,191.84"
Surgical,355,HERNIA PROCEDURES EXCEPT INGUINAL & FEMORAL W/O CC/MCC,"$68,917.84"
Surgical,356,OTHER DIGESTIVE SYSTEM O.R. PROCEDURES W MCC,"$153,911.09"
Surgical,357,OTHER DIGESTIVE SYSTEM O.R. PROCEDURES W CC,"$100,427.85"
Surgical,358,OTHER DIGESTIVE SYSTEM O.R. PROCEDURES W/O CC/MCC,"$51,526.89"
Surgical,405,"PANCREAS, LIVER & SHUNT PROCEDURES W MCC","$251,858.18"
Surgical,406,"PANCREAS, LIVER & SHUNT PROCEDURES W CC","$96,987.15"
Surgical,408,BILIARY TRACT PROC EXCEPT ONLY CHOLECYST W OR W/O C.D.E. W MCC,"$121,608.34"
Surgical,409,BILIARY TRACT PROC EXCEPT ONLY CHOLECYST W OR W/O C.D.E. W CC,"$109,192.83"
Surgical,410,BILIARY TRACT PROC EXCEPT ONLY CHOLECYST W OR W/O C.D.E. W/O CC/MCC,"$16,001.78"
Surgical,412,CHOLECYSTECTOMY W C.D.E. W CC,"$65,508.13"
Surgical,413,CHOLECYSTECTOMY W C.D.E. W/O CC/MCC,"$45,358.39"
Surgical,414,CHOLECYSTECTOMY EXCEPT BY LAPAROSCOPE W/O C.D.E. W MCC,"$119,701.64"
Surgical,415,CHOLECYSTECTOMY EXCEPT BY LAPAROSCOPE W/O C.D.E. W CC,"$61,946.77"
Surgical,416,CHOLECYSTECTOMY EXCEPT BY LAPAROSCOPE W/O C.D.E. W/O CC/MCC,"$55,257.88"
Surgical,417,LAPAROSCOPIC CHOLECYSTECTOMY W/O C.D.E. W MCC,"$74,668.96"
Surgical,418,LAPAROSCOPIC CHOLECYSTECTOMY W/O C.D.E. W CC,"$51,859.84"
Surgical,419,LAPAROSCOPIC CHOLECYSTECTOMY W/O C.D.E. W/O CC/MCC,"$40,087.85"
Surgical,421,HEPATOBILIARY DIAGNOSTIC PROCEDURES W CC,"$76,845.94"
Surgical,423,OTHER HEPATOBILIARY OR PANCREAS O.R. PROCEDURES W MCC,"$240,139.38"
Surgical,424,OTHER HEPATOBILIARY OR PANCREAS O.R. PROCEDURES W CC,"$68,743.15"
Surgical,425,OTHER HEPATOBILIARY OR PANCREAS O.R. PROCEDURES W/O CC/MCC,"$51,884.35"
Surgical,574,SKIN GRAFT FOR SKIN ULCER OR CELLULITIS W CC,"$85,673.14"
Surgical,575,SKIN GRAFT FOR SKIN ULCER OR CELLULITIS W/O CC/MCC,"$20,802.14"
Surgical,577,SKIN GRAFT EXC FOR SKIN ULCER OR CELLULITIS W CC,"$40,099.50"
Surgical,578,SKIN GRAFT EXC FOR SKIN ULCER OR CELLULITIS W/O CC/MCC,"$19,356.57"
Surgical,579,"OTHER SKIN, SUBCUT TISS & BREAST PROC W MCC","$71,633.73"
Surgical,580,"OTHER SKIN, SUBCUT TISS & BREAST PROC W CC","$51,351.80"
Surgical,581,"OTHER SKIN, SUBCUT TISS & BREAST PROC W/O CC/MCC","$29,260.05"
Surgical,614,ADRENAL & PITUITARY PROCEDURES W CC/MCC,"$70,306.32"
Surgical,615,ADRENAL & PITUITARY PROCEDURES W/O CC/MCC,"$60,516.95"
Surgical,616,"AMPUTAT OF LOWER LIMB FOR ENDOCRINE,NUTRIT,& METABOL DIS W MCC","$115,284.32"
Surgical,617,"AMPUTAT OF LOWER LIMB FOR ENDOCRINE,NUTRIT,& METABOL DIS W CC","$51,878.48"
Surgical,619,O.R. PROCEDURES FOR OBESITY W MCC,"$222,129.76"
Surgical,620,O.R. PROCEDURES FOR OBESITY W CC,"$70,929.67"
Surgical,621,O.R. PROCEDURES FOR OBESITY W/O CC/MCC,"$63,706.81"
Surgical,622,"SKIN GRAFTS & WOUND DEBRID FOR ENDOC, NUTRIT & METAB DIS W MCC","$87,981.81"
Surgical,623,"SKIN GRAFTS & WOUND DEBRID FOR ENDOC, NUTRIT & METAB DIS W CC","$51,198.66"
Surgical,624,"SKIN GRAFTS & WOUND DEBRID FOR ENDOC, NUTRIT & METAB DIS W/O CC/MCC","$77,680.21"
Surgical,625,"THYROID, PARATHYROID & THYROGLOSSAL PROCEDURES W MCC","$91,570.99"
Surgical,626,"THYROID, PARATHYROID & THYROGLOSSAL PROCEDURES W CC","$46,757.27"
Surgical,627,"THYROID, PARATHYROID & THYROGLOSSAL PROCEDURES W/O CC/MCC","$29,067.62"
Surgical,628,"OTHER ENDOCRINE, NUTRIT & METAB O.R. PROC W MCC","$117,176.44"
Surgical,629,"OTHER ENDOCRINE, NUTRIT & METAB O.R. PROC W CC","$75,425.35"
Surgical,630,"OTHER ENDOCRINE, NUTRIT & METAB O.R. PROC W/O CC/MCC","$64,601.39"
Surgical,653,MAJOR BLADDER PROCEDURES W MCC,"$132,012.41"
Surgical,654,MAJOR BLADDER PROCEDURES W CC,"$128,273.65"
Surgical,655,MAJOR BLADDER PROCEDURES W/O CC/MCC,"$86,808.95"
Surgical,656,KIDNEY & URETER PROCEDURES FOR NEOPLASM W MCC,"$78,074.50"
Surgical,657,KIDNEY & URETER PROCEDURES FOR NEOPLASM W CC,"$71,614.15"
Surgical,658,KIDNEY & URETER PROCEDURES FOR NEOPLASM W/O CC/MCC,"$57,568.30"
Surgical,659,KIDNEY & URETER PROCEDURES FOR NON-NEOPLASM W MCC,"$93,896.48"
Surgical,660,KIDNEY & URETER PROCEDURES FOR NON-NEOPLASM W CC,"$54,688.03"
Surgical,661,KIDNEY & URETER PROCEDURES FOR NON-NEOPLASM W/O CC/MCC,"$46,888.59"
Surgical,662,MINOR BLADDER PROCEDURES W MCC,"$51,531.10"
Surgical,663,MINOR BLADDER PROCEDURES W CC,"$51,579.67"
Surgical,664,MINOR BLADDER PROCEDURES W/O CC/MCC,"$33,599.57"
Surgical,665,PROSTATECTOMY W MCC,"$98,474.91"
Surgical,666,PROSTATECTOMY W CC,"$147,541.20"
Surgical,667,PROSTATECTOMY W/O CC/MCC,"$27,611.04"
Surgical,668,TRANSURETHRAL PROCEDURES W MCC,"$58,318.98"
Surgical,669,TRANSURETHRAL PROCEDURES W CC,"$68,326.41"
Surgical,670,TRANSURETHRAL PROCEDURES W/O CC/MCC,"$24,495.59"
Surgical,671,URETHRAL PROCEDURES W CC/MCC,"$34,883.41"
Surgical,673,OTHER KIDNEY & URINARY TRACT PROCEDURES W MCC,"$100,399.77"
Surgical,674,OTHER KIDNEY & URINARY TRACT PROCEDURES W CC,"$82,330.71"
Surgical,675,OTHER KIDNEY & URINARY TRACT PROCEDURES W/O CC/MCC,"$73,766.07"
Surgical,686,KIDNEY & URINARY TRACT NEOPLASMS W MCC,"$64,152.89"
Surgical,687,KIDNEY & URINARY TRACT NEOPLASMS W CC,"$50,750.93"
Surgical,688,KIDNEY & URINARY TRACT NEOPLASMS W/O CC/MCC,"$25,656.38"
Surgical,689,KIDNEY & URINARY TRACT INFECTIONS W MCC,"$34,426.28"
Surgical,690,KIDNEY & URINARY TRACT INFECTIONS W/O MCC,"$24,349.57"
Surgical,692,URINARY STONES W ESW LITHOTRIPSY W/O CC/MCC,"$27,786.12"
Surgical,693,URINARY STONES W/O ESW LITHOTRIPSY W MCC,"$43,621.40"
Surgical,694,URINARY STONES W/O ESW LITHOTRIPSY W/O MCC,"$25,957.45"
Surgical,695,KIDNEY & URINARY TRACT SIGNS & SYMPTOMS W MCC,"$20,856.40"
Surgical,696,KIDNEY & URINARY TRACT SIGNS & SYMPTOMS W/O MCC,"$35,252.67"
Surgical,697,URETHRAL STRICTURE,"$27,633.31"
Surgical,698,OTHER KIDNEY & URINARY TRACT DIAGNOSES W MCC,"$47,140.62"
Surgical,699,OTHER KIDNEY & URINARY TRACT DIAGNOSES W CC,"$32,420.01"
Surgical,700,OTHER KIDNEY & URINARY TRACT DIAGNOSES W/O CC/MCC,"$24,363.27"
Surgical,707,MAJOR MALE PELVIC PROCEDURES W CC/MCC,"$114,714.75"
Surgical,708,MAJOR MALE PELVIC PROCEDURES W/O CC/MCC,"$112,268.09"
Surgical,709,PENIS PROCEDURES W CC/MCC,"$56,515.49"
Surgical,710,PENIS PROCEDURES W/O CC/MCC,"$62,930.60"
Surgical,712,TESTES PROCEDURES W/O CC/MCC,"$36,763.84"
Surgical,713,TRANSURETHRAL PROSTATECTOMY W CC/MCC,"$70,008.80"
Surgical,714,TRANSURETHRAL PROSTATECTOMY W/O CC/MCC,"$21,589.74"
Surgical,717,OTHER MALE REPRODUCTIVE SYSTEM O.R. PROC EXC MALIGNANCY W CC/MCC,"$71,517.05"
Surgical,718,OTHER MALE REPRODUCTIVE SYSTEM O.R. PROC EXC MALIGNANCY W/O CC/MCC,"$112,886.82"
Surgical,725,BENIGN PROSTATIC HYPERTROPHY W MCC,"$50,745.09"
Surgical,726,BENIGN PROSTATIC HYPERTROPHY W/O MCC,"$21,356.31"
Surgical,727,INFLAMMATION OF THE MALE REPRODUCTIVE SYSTEM W MCC,"$33,179.45"
Surgical,728,INFLAMMATION OF THE MALE REPRODUCTIVE SYSTEM W/O MCC,"$27,211.16"
Surgical,729,OTHER MALE REPRODUCTIVE SYSTEM DIAGNOSES W CC/MCC,"$21,564.72"
Surgical,730,OTHER MALE REPRODUCTIVE SYSTEM DIAGNOSES W/O CC/MCC,"$32,453.42"
Surgical,799,SPLENECTOMY W MCC,"$186,242.76"
Surgical,800,SPLENECTOMY W CC,"$76,484.14"
Surgical,801,SPLENECTOMY W/O CC/MCC,"$73,708.13"
Surgical,802,OTHER O.R. PROC OF THE BLOOD & BLOOD FORMING ORGANS W MCC,"$92,406.80"
Surgical,803,OTHER O.R. PROC OF THE BLOOD & BLOOD FORMING ORGANS W CC,"$55,477.20"
Surgical,804,OTHER O.R. PROC OF THE BLOOD & BLOOD FORMING ORGANS W/O CC/MCC,"$65,997.66"
Surgical,853,INFECTIOUS & PARASITIC DISEASES W O.R. PROCEDURE W MCC,"$209,506.50"
Surgical,854,INFECTIOUS & PARASITIC DISEASES W O.R. PROCEDURE W CC,"$64,940.83"
Surgical,855,INFECTIOUS & PARASITIC DISEASES W O.R. PROCEDURE W/O CC/MCC,"$159,822.09"
Surgical,856,POSTOPERATIVE OR POST-TRAUMATIC INFECTIONS W O.R. PROC W MCC,"$152,318.20"
Surgical,857,POSTOPERATIVE OR POST-TRAUMATIC INFECTIONS W O.R. PROC W CC,"$71,408.39"
Surgical,858,POSTOPERATIVE OR POST-TRAUMATIC INFECTIONS W O.R. PROC W/O CC/MCC,"$37,917.94"
Surgical,876,O.R. PROCEDURE W PRINCIPAL DIAGNOSES OF MENTAL ILLNESS,"$48,494.38"
Surgical,901,WOUND DEBRIDEMENTS FOR INJURIES W MCC,"$285,468.70"
Surgical,902,WOUND DEBRIDEMENTS FOR INJURIES W CC,"$123,086.13"
Surgical,903,WOUND DEBRIDEMENTS FOR INJURIES W/O CC/MCC,"$24,767.26"
Surgical,904,SKIN GRAFTS FOR INJURIES W CC/MCC,"$105,949.16"
Surgical,905,SKIN GRAFTS FOR INJURIES W/O CC/MCC,"$62,636.60"
Surgical,907,OTHER O.R. PROCEDURES FOR INJURIES W MCC,"$144,998.54"
Surgical,908,OTHER O.R. PROCEDURES FOR INJURIES W CC,"$72,023.57"
Surgical,909,OTHER O.R. PROCEDURES FOR INJURIES W/O CC/MCC,"$42,601.58"
Surgical,939,O.R. PROC W DIAGNOSES OF OTHER CONTACT W HEALTH SERVICES W MCC,"$50,841.13"
Surgical,940,O.R. PROC W DIAGNOSES OF OTHER CONTACT W HEALTH SERVICES W CC,"$50,586.56"
Surgical,941,O.R. PROC W DIAGNOSES OF OTHER CONTACT W HEALTH SERVICES W/O CC/MCC,"$65,183.49"
Surgical,957,OTHER O.R. PROCEDURES FOR MULTIPLE SIGNIFICANT TRAUMA W MCC,"$338,552.99"
Surgical,958,OTHER O.R. PROCEDURES FOR MULTIPLE SIGNIFICANT TRAUMA W CC,"$164,228.78"
Surgical,959,OTHER O.R. PROCEDURES FOR MULTIPLE SIGNIFICANT TRAUMA W/O CC/MCC,"$123,046.35"
Surgical,969,HIV W EXTENSIVE O.R. PROCEDURE W MCC,"$114,168.02"
Surgical,970,HIV W EXTENSIVE O.R. PROCEDURE W/O MCC,"$155,345.09"
Surgical,981,EXTENSIVE O.R. PROCEDURE UNRELATED TO PRINCIPAL DIAGNOSIS W MCC,"$158,638.53"
Surgical,982,EXTENSIVE O.R. PROCEDURE UNRELATED TO PRINCIPAL DIAGNOSIS W CC,"$90,918.94"
Surgical,983,EXTENSIVE O.R. PROCEDURE UNRELATED TO PRINCIPAL DIAGNOSIS W/O CC/MCC,"$54,327.68"
Surgical,987,NON-EXTENSIVE O.R. PROC UNRELATED TO PRINCIPAL DIAGNOSIS W MCC,"$111,145.34"
Surgical,988,NON-EXTENSIVE O.R. PROC UNRELATED TO PRINCIPAL DIAGNOSIS W CC,"$64,215.88"
Surgical,989,NON-EXTENSIVE O.R. PROC UNRELATED TO PRINCIPAL DIAGNOSIS W/O CC/MCC,"$39,811.72"
Surgical,570,SKIN DEBRIDEMENT W MCC,"$51,481.92"
Surgical,571,SKIN DEBRIDEMENT W CC,"$47,310.75"
Surgical,572,SKIN DEBRIDEMENT W/O CC/MCC,"$27,034.51"
Cardiovascular Services,001,HEART TRANSPLANT OR IMPLANT OF HEART ASSIST SYSTEM W MCC,"$1,713,333.04"
Cardiovascular Services,020,INTRACRANIAL VASCULAR PROCEDURES W PDX HEMORRHAGE W MCC,"$373,548.41"
Cardiovascular Services,021,INTRACRANIAL VASCULAR PROCEDURES W PDX HEMORRHAGE W CC,"$349,882.21"
Cardiovascular Services,022,INTRACRANIAL VASCULAR PROCEDURES W PDX HEMORRHAGE W/O CC/MCC,"$259,282.81"
Cardiovascular Services,034,CAROTID ARTERY STENT PROCEDURE W MCC,"$204,905.29"
Cardiovascular Services,035,CAROTID ARTERY STENT PROCEDURE W CC,"$79,911.81"
Cardiovascular Services,036,CAROTID ARTERY STENT PROCEDURE W/O CC/MCC,"$74,033.88"
Cardiovascular Services,037,EXTRACRANIAL PROCEDURES W MCC,"$103,638.16"
Cardiovascular Services,038,EXTRACRANIAL PROCEDURES W CC,"$64,177.48"
Cardiovascular Services,039,EXTRACRANIAL PROCEDURES W/O CC/MCC,"$37,745.41"
Cardiovascular Services,163,MAJOR CHEST PROCEDURES W MCC,"$223,362.50"
Cardiovascular Services,164,MAJOR CHEST PROCEDURES W CC,"$115,470.67"
Cardiovascular Services,165,MAJOR CHEST PROCEDURES W/O CC/MCC,"$103,758.25"
Cardiovascular Services,166,OTHER RESP SYSTEM O.R. PROCEDURES W MCC,"$164,274.39"
Cardiovascular Services,167,OTHER RESP SYSTEM O.R. PROCEDURES W CC,"$69,825.00"
Cardiovascular Services,168,OTHER RESP SYSTEM O.R. PROCEDURES W/O CC/MCC,"$42,154.01"
Cardiovascular Services,183,MAJOR CHEST TRAUMA W MCC,"$71,411.13"
Cardiovascular Services,184,MAJOR CHEST TRAUMA W CC,"$43,175.99"
Cardiovascular Services,185,MAJOR CHEST TRAUMA W/O CC/MCC,"$29,365.41"
Cardiovascular Services,215,OTHER HEART ASSIST SYSTEM IMPLANT,"$333,032.95"
Cardiovascular Services,216,CARDIAC VALVE & OTH MAJ CARDIOTHORACIC PROC W CARD CATH W MCC,"$408,800.97"
Cardiovascular Services,217,CARDIAC VALVE & OTH MAJ CARDIOTHORACIC PROC W CARD CATH W CC,"$303,524.56"
Cardiovascular Services,218,CARDIAC VALVE & OTH MAJ CARDIOTHORACIC PROC W CARD CATH W/O CC/MCC,"$211,977.80"
Cardiovascular Services,219,CARDIAC VALVE & OTH MAJ CARDIOTHORACIC PROC W/O CARD CATH W MCC,"$396,329.20"
Cardiovascular Services,220,CARDIAC VALVE & OTH MAJ CARDIOTHORACIC PROC W/O CARD CATH W CC,"$239,903.53"
Cardiovascular Services,221,CARDIAC VALVE & OTH MAJ CARDIOTHORACIC PROC W/O CARD CATH W/O CC/MCC,"$187,845.69"
Cardiovascular Services,222,CARDIAC DEFIB IMPLANT W CARDIAC CATH W AMI/HF/SHOCK W MCC,"$271,223.95"
Cardiovascular Services,223,CARDIAC DEFIB IMPLANT W CARDIAC CATH W AMI/HF/SHOCK W/O MCC,"$209,491.17"
Cardiovascular Services,224,CARDIAC DEFIB IMPLANT W CARDIAC CATH W/O AMI/HF/SHOCK W MCC,"$220,190.61"
Cardiovascular Services,225,CARDIAC DEFIB IMPLANT W CARDIAC CATH W/O AMI/HF/SHOCK W/O MCC,"$216,660.93"
Cardiovascular Services,226,CARDIAC DEFIBRILLATOR IMPLANT W/O CARDIAC CATH W MCC,"$200,943.13"
Cardiovascular Services,227,CARDIAC DEFIBRILLATOR IMPLANT W/O CARDIAC CATH W/O MCC,"$185,031.13"
Cardiovascular Services,228,OTHER CARDIOTHORACIC PROCEDURES W MCC,"$314,642.22"
Cardiovascular Services,229,OTHER CARDIOTHORACIC PROCEDURES W/O MCC,"$185,024.46"
Cardiovascular Services,231,CORONARY BYPASS W PTCA W MCC,"$263,404.80"
Cardiovascular Services,232,CORONARY BYPASS W PTCA W/O MCC,"$236,114.97"
Cardiovascular Services,233,CORONARY BYPASS W CARDIAC CATH W MCC,"$348,939.40"
Cardiovascular Services,234,CORONARY BYPASS W CARDIAC CATH W/O MCC,"$203,216.08"
Cardiovascular Services,235,CORONARY BYPASS W/O CARDIAC CATH W MCC,"$245,477.26"
Cardiovascular Services,236,CORONARY BYPASS W/O CARDIAC CATH W/O MCC,"$174,688.49"
Cardiovascular Services,239,AMPUTATION FOR CIRC SYS DISORDERS EXC UPPER LIMB & TOE W MCC,"$188,062.17"
Cardiovascular Services,240,AMPUTATION FOR CIRC SYS DISORDERS EXC UPPER LIMB & TOE W CC,"$110,790.86"
Cardiovascular Services,241,AMPUTATION FOR CIRC SYS DISORDERS EXC UPPER LIMB & TOE W/O CC/MCC,"$44,955.57"
Cardiovascular Services,242,PERMANENT CARDIAC PACEMAKER IMPLANT W MCC,"$131,372.43"
Cardiovascular Services,243,PERMANENT CARDIAC PACEMAKER IMPLANT W CC,"$86,865.70"
Cardiovascular Services,244,PERMANENT CARDIAC PACEMAKER IMPLANT W/O CC/MCC,"$70,284.67"
Cardiovascular Services,245,AICD GENERATOR PROCEDURES,"$256,381.00"
Cardiovascular Services,246,PERCUTANEOUS CARDIOVASCULAR PROCEDURES W DRUG-ELUTING STENT W MCC OR 4+ ARTERIES OR STENTS,"$101,948.67"
Cardiovascular Services,247,PERC CARDIOVASC PROC W DRUG-ELUTING STENT W/O MCC,"$68,217.17"
Cardiovascular Services,248,PERCUTANEOUS CARDIOVASCULAR PROCEDURES W NON-DRUG-ELUTING STENT W MCC OR 4+ ARTERIES OR STENTS,"$59,222.80"
Cardiovascular Services,249,PERC CARDIOVASC PROC W NON-DRUG-ELUTING STENT W/O MCC,"$56,873.16"
Cardiovascular Services,250,PERC CARDIOVASC PROC W/O CORONARY ARTERY STENT W MCC,"$73,955.97"
Cardiovascular Services,251,PERC CARDIOVASC PROC W/O CORONARY ARTERY STENT W/O MCC,"$58,558.15"
Cardiovascular Services,252,OTHER VASCULAR PROCEDURES W MCC,"$125,123.37"
Cardiovascular Services,253,OTHER VASCULAR PROCEDURES W CC,"$103,515.58"
Cardiovascular Services,254,OTHER VASCULAR PROCEDURES W/O CC/MCC,"$78,577.80"
Cardiovascular Services,255,UPPER LIMB & TOE AMPUTATION FOR CIRC SYSTEM DISORDERS W MCC,"$76,200.18"
Cardiovascular Services,256,UPPER LIMB & TOE AMPUTATION FOR CIRC SYSTEM DISORDERS W CC,"$53,988.62"
Cardiovascular Services,258,CARDIAC PACEMAKER DEVICE REPLACEMENT W MCC,"$326,895.30"
Cardiovascular Services,259,CARDIAC PACEMAKER DEVICE REPLACEMENT W/O MCC,"$54,359.69"
Cardiovascular Services,260,CARDIAC PACEMAKER REVISION EXCEPT DEVICE REPLACEMENT W MCC,"$170,330.85"
Cardiovascular Services,261,CARDIAC PACEMAKER REVISION EXCEPT DEVICE REPLACEMENT W CC,"$67,537.46"
Cardiovascular Services,262,CARDIAC PACEMAKER REVISION EXCEPT DEVICE REPLACEMENT W/O CC/MCC,"$83,940.56"
Cardiovascular Services,264,OTHER CIRCULATORY SYSTEM O.R. PROCEDURES,"$93,305.60"
Cardiovascular Services,265,AICD LEAD PROCEDURES,"$49,487.68"
Cardiovascular Services,280,"ACUTE MYOCARDIAL INFARCTION, DISCHARGED ALIVE W MCC","$53,878.14"
Cardiovascular Services,281,"ACUTE MYOCARDIAL INFARCTION, DISCHARGED ALIVE W CC","$33,508.68"
Cardiovascular Services,282,"ACUTE MYOCARDIAL INFARCTION, DISCHARGED ALIVE W/O CC/MCC","$25,698.16"
Cardiovascular Services,283,"ACUTE MYOCARDIAL INFARCTION, EXPIRED W MCC","$65,472.44"
Cardiovascular Services,284,"ACUTE MYOCARDIAL INFARCTION, EXPIRED W CC","$29,375.50"
Cardiovascular Services,285,"ACUTE MYOCARDIAL INFARCTION, EXPIRED W/O CC/MCC","$31,259.78"
Cardiovascular Services,286,"CIRCULATORY DISORDERS EXCEPT AMI, W CARD CATH W MCC","$61,091.56"
Cardiovascular Services,287,"CIRCULATORY DISORDERS EXCEPT AMI, W CARD CATH W/O MCC","$34,031.00"
Cardiovascular Services,288,ACUTE & SUBACUTE ENDOCARDITIS W MCC,"$45,492.34"
Cardiovascular Services,289,ACUTE & SUBACUTE ENDOCARDITIS W CC,"$55,701.13"
Cardiovascular Services,291,HEART FAILURE & SHOCK W MCC,"$44,006.82"
Cardiovascular Services,292,HEART FAILURE & SHOCK W CC,"$31,318.21"
Cardiovascular Services,293,HEART FAILURE & SHOCK W/O CC/MCC,"$20,622.63"
Cardiovascular Services,296,"CARDIAC ARREST, UNEXPLAINED W MCC","$69,302.85"
Cardiovascular Services,297,"CARDIAC ARREST, UNEXPLAINED W CC","$16,761.88"
Cardiovascular Services,299,PERIPHERAL VASCULAR DISORDERS W MCC,"$53,143.36"
Cardiovascular Services,300,PERIPHERAL VASCULAR DISORDERS W CC,"$33,584.84"
Cardiovascular Services,301,PERIPHERAL VASCULAR DISORDERS W/O CC/MCC,"$29,672.16"
Cardiovascular Services,302,ATHEROSCLEROSIS W MCC,"$35,823.51"
Cardiovascular Services,303,ATHEROSCLEROSIS W/O MCC,"$23,701.85"
Cardiovascular Services,304,HYPERTENSION W MCC,"$49,109.20"
Cardiovascular Services,305,HYPERTENSION W/O MCC,"$27,242.30"
Cardiovascular Services,306,CARDIAC CONGENITAL & VALVULAR DISORDERS W MCC,"$31,711.29"
Cardiovascular Services,307,CARDIAC CONGENITAL & VALVULAR DISORDERS W/O MCC,"$20,620.88"
Cardiovascular Services,308,CARDIAC ARRHYTHMIA & CONDUCTION DISORDERS W MCC,"$40,430.82"
Cardiovascular Services,309,CARDIAC ARRHYTHMIA & CONDUCTION DISORDERS W CC,"$27,210.10"
Cardiovascular Services,310,CARDIAC ARRHYTHMIA & CONDUCTION DISORDERS W/O CC/MCC,"$16,417.17"
Cardiovascular Services,311,ANGINA PECTORIS,"$18,608.04"
Cardiovascular Services,312,SYNCOPE & COLLAPSE,"$29,134.31"
Cardiovascular Services,313,CHEST PAIN,"$23,239.99"
Cardiovascular Services,314,OTHER CIRCULATORY SYSTEM DIAGNOSES W MCC,"$72,568.70"
Cardiovascular Services,315,OTHER CIRCULATORY SYSTEM DIAGNOSES W CC,"$34,365.72"
Cardiovascular Services,316,OTHER CIRCULATORY SYSTEM DIAGNOSES W/O CC/MCC,"$27,286.92"
Cardiovascular Services,268,AORTIC AND HEART ASSIST PROCEDURES EXCEPT PULSATION BALLOON W MCC,"$263,225.45"
Cardiovascular Services,269,AORTIC AND HEART ASSIST PROCEDURES EXCEPT PULSATION BALLOON W/O MCC,"$165,850.31"
Cardiovascular Services,270,OTHER MAJOR CARDIOVASCULAR PROCEDURES W MCC,"$163,862.12"
Cardiovascular Services,271,OTHER MAJOR CARDIOVASCULAR PROCEDURES W CC,"$118,726.19"
Cardiovascular Services,272,OTHER MAJOR CARDIOVASCULAR PROCEDURES W/O CC/MCC,"$105,038.18"
Cardiovascular Services,273,PERCUTANEOUS INTRACARDIAC PROCEDURES W MCC,"$139,784.92"
Cardiovascular Services,274,PERCUTANEOUS INTRACARDIAC PROCEDURES W/O MCC,"$131,218.79"
Cardiovascular Services,266,ENDOVASCULAR CARDIAC VALVE REPLACEMENT W MCC,"$290,267.43"
Cardiovascular Services,267,ENDOVASCULAR CARDIAC VALVE REPLACEMENT W/O MCC,"$241,812.20"
Burn,935,NON-EXTENSIVE BURNS,"$25,575.51"
Women & Infants,734,"PELVIC EVISCERATION, RAD HYSTERECTOMY & RAD VULVECTOMY W CC/MCC","$117,303.11"
Women & Infants,735,"PELVIC EVISCERATION, RAD HYSTERECTOMY & RAD VULVECTOMY W/O CC/MCC","$76,144.61"
Women & Infants,742,UTERINE & ADNEXA PROC FOR NON-MALIGNANCY W CC/MCC,"$56,703.86"
Women & Infants,743,UTERINE & ADNEXA PROC FOR NON-MALIGNANCY W/O CC/MCC,"$33,669.47"
Women & Infants,744,"D&C, CONIZATION, LAPAROSCOPY & TUBAL INTERRUPTION W CC/MCC","$99,192.64"
Women & Infants,745,"D&C, CONIZATION, LAPAROSCOPY & TUBAL INTERRUPTION W/O CC/MCC","$33,687.82"
Women & Infants,746,"VAGINA, CERVIX & VULVA PROCEDURES W CC/MCC","$33,247.91"
Women & Infants,747,"VAGINA, CERVIX & VULVA PROCEDURES W/O CC/MCC","$28,800.34"
Women & Infants,748,FEMALE REPRODUCTIVE SYSTEM RECONSTRUCTIVE PROCEDURES,"$51,251.00"
Women & Infants,749,OTHER FEMALE REPRODUCTIVE SYSTEM O.R. PROCEDURES W CC/MCC,"$75,015.35"
Women & Infants,750,OTHER FEMALE REPRODUCTIVE SYSTEM O.R. PROCEDURES W/O CC/MCC,"$68,226.99"
Women & Infants,757,"INFECTIONS, FEMALE REPRODUCTIVE SYSTEM W MCC","$38,125.33"
Women & Infants,758,"INFECTIONS, FEMALE REPRODUCTIVE SYSTEM W CC","$26,866.25"
Women & Infants,759,"INFECTIONS, FEMALE REPRODUCTIVE SYSTEM W/O CC/MCC","$19,336.77"
Women & Infants,760,MENSTRUAL & OTHER FEMALE REPRODUCTIVE SYSTEM DISORDERS W CC/MCC,"$27,637.89"
Women & Infants,761,MENSTRUAL & OTHER FEMALE REPRODUCTIVE SYSTEM DISORDERS W/O CC/MCC,"$15,649.83"
Women & Infants,765,CESAREAN SECTION W CC/MCC,"$27,281.28"
Women & Infants,766,CESAREAN SECTION W/O CC/MCC,"$20,798.29"
Women & Infants,767,VAGINAL DELIVERY W STERILIZATION &/OR D&C,"$24,347.24"
Women & Infants,768,VAGINAL DELIVERY W O.R. PROC EXCEPT STERIL &/OR D&C,"$19,550.42"
Women & Infants,769,POSTPARTUM & POST ABORTION DIAGNOSES W O.R. PROCEDURE,"$38,092.22"
Women & Infants,770,"ABORTION W D&C, ASPIRATION CURETTAGE OR HYSTEROTOMY","$18,483.68"
Women & Infants,774,VAGINAL DELIVERY W COMPLICATING DIAGNOSES,"$17,934.58"
Women & Infants,775,VAGINAL DELIVERY W/O COMPLICATING DIAGNOSES,"$16,665.81"
Women & Infants,776,POSTPARTUM & POST ABORTION DIAGNOSES W/O O.R. PROCEDURE,"$16,664.90"
Women & Infants,777,ECTOPIC PREGNANCY,"$23,513.41"
Women & Infants,778,THREATENED ABORTION,"$8,773.38"
Women & Infants,779,ABORTION W/O D&C,"$19,433.11"
Women & Infants,780,FALSE LABOR,"$10,929.61"
Women & Infants,781,OTHER ANTEPARTUM DIAGNOSES W MEDICAL COMPLICATIONS,"$12,596.11"
Women & Infants,782,OTHER ANTEPARTUM DIAGNOSES W/O MEDICAL COMPLICATIONS,"$7,044.53"
Women & Infants,789,"NEONATES, DIED OR TRANSFERRED TO ANOTHER ACUTE CARE FACILITY","$183,072.60"
Women & Infants,790,"EXTREME IMMATURITY OR RESPIRATORY DISTRESS SYNDROME, NEONATE","$134,983.37"
Women & Infants,791,PREMATURITY W MAJOR PROBLEMS,"$46,497.84"
Women & Infants,792,PREMATURITY W/O MAJOR PROBLEMS,"$28,683.11"
Women & Infants,793,FULL TERM NEONATE W MAJOR PROBLEMS,"$29,216.81"
Women & Infants,794,NEONATE W OTHER SIGNIFICANT PROBLEMS,"$13,917.43"
Women & Infants,795,NORMAL NEWBORN,"$4,591.54"
